[
  {
    "fields": {
      "created": "2021-12-20",
      "extra_data": {
        "attribution": "Provided by Cambridge University Library. Zooming image © Cambridge University Library, All rights reserved.  This image may be used in accord with fair use and fair dealing provisions, including teaching and research. If you wish to reproduce it within publications or on the public web, please contact <a href='mailto:genizah@lib.cam.ac.uk'>genizah@lib.cam.ac.uk</a>.   This metadata is published free of restrictions, under the terms of the Creative Commons CC0 1.0 Universal Public Domain Dedication.",
        "https://services.prod.env.cudl.link/v1/metadata/tei/MS-TS-00013-J-00035-00003/": {},
        "logo": "https://cudl.lib.cam.ac.uk/img/cu_logo.png"
      },
      "label": "Letter (T-S 13J35.3)",
      "last_modified": "2022-02-17",
      "metadata": {
        "Abstract": [
          "<p style='text-align: justify;'>Letter from the community of Fusṭāṭ concerning the imposition of a ban on Abraham. </p>"
        ],
        "Associated Name(s)": ["Abraham"],
        "Author(s) of the Record": ["CUL"],
        "Classmark": ["T-S 13J35.3"],
        "Condition": ["torn, holes, rubbed"],
        "Date of Creation": ["6th-19th century"],
        "Donor(s)": [
          "Schechter, S. (Solomon), 1847-1915; Taylor, Charles, 1840-1908"
        ],
        "Extent": ["1 leaf. Leaf height: 25 cm, width: 17.6 cm."],
        "Funding": [
          "The digitisation of the Taylor-Schechter Cairo Genizah Collection has been sponsored by the <a target='_blank' class='externalLink' href='http://www.jewishmanuscripts.org/'>Jewish Manuscript Preservation Society</a>, the <a target='_blank' class='externalLink' href='http://www.genizah.org/'>Friedberg Genizah Project Inc.</a>, and the <a target='_blank' class='externalLink' href='http://www.ahrc.ac.uk/Pages/default.aspx'>Arts and Humanities Research Council, UK</a>."
        ],
        "Language(s)": ["Judaeo-Arabic; Hebrew"],
        "Layout": ["20 lines (recto); 4 lines (verso)"],
        "Material": ["Paper"],
        "Note(s)": [
          "Belongs together with AIU VII A 23.; Associated manuscripts: AIU VII A 23"
        ],
        "Origin Place": ["Fusṭāṭ"],
        "Physical Location": ["Cambridge University Library"],
        "Provenance": [
          "Donated by Dr Solomon Schechter and his patron Dr Charles Taylor in 1898 as part of the Taylor-Schechter Genizah Collection"
        ],
        "Subject(s)": ["Cairo Genizah"],
        "Title": ["Letter"]
      },
      "short_id": "MS-TS-00013-J-00035-00003",
      "uri": "https://cudl.lib.cam.ac.uk/iiif/MS-TS-00013-J-00035-00003"
    },
    "model": "djiffy.manifest",
    "pk": 2007
  },
  {
    "fields": {
      "created": "2021-12-20",
      "extra_data": {
        "attribution": "Provided by Cambridge University Library. Zooming image © Cambridge University Library, All rights reserved.  This image may be used in accord with fair use and fair dealing provisions, including teaching and research. If you wish to reproduce it within publications or on the public web, please contact <a href='mailto:genizah@lib.cam.ac.uk'>genizah@lib.cam.ac.uk</a>.   This metadata is published free of restrictions, under the terms of the Creative Commons CC0 1.0 Universal Public Domain Dedication.",
        "https://services.prod.env.cudl.link/v1/metadata/tei/MS-TS-00010-J-00022-00006/": {},
        "logo": "https://cudl.lib.cam.ac.uk/img/cu_logo.png"
      },
      "label": "Poetry; panegyric; magical (T-S 10J22.6)",
      "last_modified": "2022-02-17",
      "metadata": {
        "Abstract": [
          "<p style='text-align: justify;'>F. 1r: jottings. F. 1v: magical; divination. Ff. 2r-v: Hebrew poetry: panegyric. </p>"
        ],
        "Author(s) of the Record": ["CUL"],
        "Classmark": ["T-S 10J22.6"],
        "Condition": ["holes, rubbed, faded"],
        "Date of Creation": ["6th-19th century"],
        "Donor(s)": [
          "Schechter, S. (Solomon), 1847-1915; Taylor, Charles, 1840-1908"
        ],
        "Extent": [
          "2 leaves (bifolium). Leaf height: 18.1 cm, width: 26 (1 leaf: 13.1) cm."
        ],
        "Funding": [
          "The digitisation of the Taylor-Schechter Cairo Genizah Collection has been sponsored by the <a target='_blank' class='externalLink' href='http://www.jewishmanuscripts.org/'>Jewish Manuscript Preservation Society</a>, the <a target='_blank' class='externalLink' href='http://www.genizah.org/'>Friedberg Genizah Project Inc.</a>, and the <a target='_blank' class='externalLink' href='http://www.ahrc.ac.uk/Pages/default.aspx'>Arts and Humanities Research Council, UK</a>."
        ],
        "Language(s)": [
          "Hebrew; Judaeo-Arabic (sporadic Tiberian vocalisation)"
        ],
        "Layout": ["17-21 lines (2r is blank)"],
        "Material": ["Paper"],
        "Physical Location": ["Cambridge University Library"],
        "Provenance": [
          "Donated by Dr Solomon Schechter and his patron Dr Charles Taylor in 1898 as part of the Taylor-Schechter Genizah Collection"
        ],
        "Subject(s)": ["Cairo Genizah"],
        "Title": ["Poetry; panegyric; magical"]
      },
      "short_id": "MS-TS-00010-J-00022-00006",
      "uri": "https://cudl.lib.cam.ac.uk/iiif/MS-TS-00010-J-00022-00006"
    },
    "model": "djiffy.manifest",
    "pk": 1311
  },
  {
    "fields": {
      "created": "2021-12-20",
      "extra_data": {
        "attribution": "Provided by Cambridge University Library. Zooming image © Cambridge University Library, All rights reserved.  This image may be used in accord with fair use and fair dealing provisions, including teaching and research. If you wish to reproduce it within publications or on the public web, please contact genizah@lib.cam.ac.uk.   This metadata is published free of restrictions, under the terms of the Creative Commons CC0 1.0 Universal Public Domain Dedication.",
        "https://services.prod.env.cudl.link/v1/metadata/tei/MS-TS-AR-00030-00245/": {},
        "logo": "https://cudl.lib.cam.ac.uk/img/cu_logo.png"
      },
      "label": "Grammar; legal document (T-S Ar.30.245)",
      "last_modified": "2022-02-17",
      "metadata": {
        "Abstract": [
          "<p style='text-align: justify;'>Recto: response to the endorsement of a petition to the imām Al-Muṣtansir bi-Allāh. Ca. 427-487 AH (= 1036-1094 CE). Verso and continuing on recto: Judaeo-Arabic treatise on the Arabic language.</p>"
        ],
        "Associated Name(s)": ["Al-Muṣtansir bi-Allāh"],
        "Author(s) of the Record": ["CUL"],
        "Classmark": ["T-S Ar.30.245"],
        "Condition": ["Torn, rubbed, faded, stained"],
        "Date of Creation": ["1036-1094 CE"],
        "Donor(s)": [
          "Schechter, S. (Solomon), 1847-1915; Taylor, Charles, 1840-1908"
        ],
        "Extent": ["1 leaf."],
        "Funding": [
          "The digitisation of the Taylor-Schechter Cairo Genizah Collection has been sponsored by the <a target='_blank' class='externalLink' href='http://www.jewishmanuscripts.org/'>Jewish Manuscript Preservation Society</a>, the <a target='_blank' class='externalLink' href='http://www.genizah.org/'>Friedberg Genizah Project Inc.</a>, and the <a target='_blank' class='externalLink' href='http://www.ahrc.ac.uk/Pages/default.aspx'>Arts and Humanities Research Council, UK</a>."
        ],
        "Language(s)": ["Judaeo-Arabic; Arabic"],
        "Layout": ["32 lines + marginalia (recto); 32 lines (verso)"],
        "Material": ["Paper"],
        "Note(s)": [
          "Recto and verso have been inverted during conservation. The Arabic text is written perpendicular in relation to the Judaeo-Arabic text on verso."
        ],
        "Physical Location": ["Cambridge University Library"],
        "Provenance": [
          "Donated by Dr Solomon Schechter and his patron Dr Charles Taylor in 1898 as part of the Taylor-Schechter Genizah Collection"
        ],
        "Subject(s)": ["Cairo Genizah"],
        "Title": ["Grammar; legal document"]
      },
      "short_id": "MS-TS-AR-00030-00245",
      "uri": "https://cudl.lib.cam.ac.uk/iiif/MS-TS-AR-00030-00245"
    },
    "model": "djiffy.manifest",
    "pk": 6750
  },
  {
    "fields": {
      "created": "2022-01-20",
      "extra_data": {
        "https://figgy.princeton.edu/catalog/12a80dcc-1433-4230-9677-e3a83c4880cd.jsonld": {
          "@context": [
            "https://bibdata.princeton.edu/context.json",
            {
              "latitude": {
                "@id": "wgs84:lat"
              },
              "longitude": {
                "@id": "wgs84:lon"
              },
              "wgs84": "http://www.w3.org/2003/01/geo/wgs84_pos#"
            }
          ],
          "@id": "https://figgy.princeton.edu/catalog/12a80dcc-1433-4230-9677-e3a83c4880cd",
          "edm_rights": {
            "@id": "https://creativecommons.org/publicdomain/zero/1.0/",
            "@type": "dcterms:RightsStatement",
            "pref_label": "CC-Zero / Public Domain"
          },
          "identifier": ["ark:/88435/j6731c28x"],
          "system_created_at": "2021-01-08T06:47:56Z",
          "system_updated_at": "2022-04-20T21:20:32Z",
          "title": [
            {
              "@language": "eng",
              "@value": "ENA 2697.9"
            }
          ]
        },
        "license": "https://creativecommons.org/publicdomain/zero/1.0/",
        "logo": "https://figgy.princeton.edu/assets/pul_logo_icon-7b5f9384dfa5ca04f4851c6ee9e44e2d6953e55f893472a3e205e1591d3b2ca6.png"
      },
      "label": "ENA 2697.9",
      "last_modified": "2022-06-15",
      "metadata": {
        "Identifier": ["ark:/88435/j6731c28x"],
        "Local Identifier": ["ENA 2697.9"],
        "Provenance": [
          "Images provided by the Jewish Theological Seminary Library (JTSL)"
        ],
        "Title": ["ENA 2697.9"]
      },
      "short_id": "12a80dcc-1433-4230-9677-e3a83c4880cd",
      "uri": "https://figgy.princeton.edu/concern/scanned_resources/12a80dcc-1433-4230-9677-e3a83c4880cd/manifest"
    },
    "model": "djiffy.manifest",
    "pk": 10608
  },
  {
    "fields": {
      "created": "2022-01-20",
      "extra_data": {
        "https://figgy.princeton.edu/catalog/50a29467-9298-4e4e-994d-9064dd7de49e.jsonld": {
          "@context": [
            "https://bibdata.princeton.edu/context.json",
            {
              "latitude": {
                "@id": "wgs84:lat"
              },
              "longitude": {
                "@id": "wgs84:lon"
              },
              "wgs84": "http://www.w3.org/2003/01/geo/wgs84_pos#"
            }
          ],
          "@id": "https://figgy.princeton.edu/catalog/50a29467-9298-4e4e-994d-9064dd7de49e",
          "edm_rights": {
            "@id": "https://creativecommons.org/publicdomain/zero/1.0/",
            "@type": "dcterms:RightsStatement",
            "pref_label": "CC-Zero / Public Domain"
          },
          "identifier": ["ark:/88435/zg64tv44j"],
          "system_created_at": "2021-01-08T06:48:01Z",
          "system_updated_at": "2022-04-20T21:20:31Z",
          "title": [
            {
              "@language": "eng",
              "@value": "ENA 2697.8"
            }
          ]
        },
        "license": "https://creativecommons.org/publicdomain/zero/1.0/",
        "logo": "https://figgy.princeton.edu/assets/pul_logo_icon-7b5f9384dfa5ca04f4851c6ee9e44e2d6953e55f893472a3e205e1591d3b2ca6.png"
      },
      "label": "ENA 2697.8",
      "last_modified": "2022-06-15",
      "metadata": {
        "Identifier": ["ark:/88435/zg64tv44j"],
        "Local Identifier": ["ENA 2697.8"],
        "Provenance": [
          "Images provided by the Jewish Theological Seminary Library (JTSL)"
        ],
        "Title": ["ENA 2697.8"]
      },
      "short_id": "50a29467-9298-4e4e-994d-9064dd7de49e",
      "uri": "https://figgy.princeton.edu/concern/scanned_resources/50a29467-9298-4e4e-994d-9064dd7de49e/manifest"
    },
    "model": "djiffy.manifest",
    "pk": 10607
  },
  {
    "fields": {
      "created": "2021-12-20",
      "extra_data": {
        "attribution": "Provided by Cambridge University Library. Zooming image © Cambridge University Library, All rights reserved.  This image may be used in accord with fair use and fair dealing provisions, including teaching and research. If you wish to reproduce it within publications or on the public web, please contact <a href='mailto:genizah@lib.cam.ac.uk'>genizah@lib.cam.ac.uk</a>.   This metadata is published free of restrictions, under the terms of the Creative Commons CC0 1.0 Universal Public Domain Dedication.",
        "https://services.prod.env.cudl.link/v1/metadata/tei/MS-TS-00018-J-00001-00017/": {},
        "logo": "https://cudl.lib.cam.ac.uk/img/cu_logo.png"
      },
      "label": "Legal document (T-S 18J1.17)",
      "last_modified": "2022-02-17",
      "metadata": {
        "Abstract": [
          "<p style='text-align: justify;'>Deed of sale, written by Abraham b. Nathan b. Abraham, dated Tuesday, 5th Kislev 1420 (= 1108 CE), in Cairo, in which Sitt al-Aqrān b. Joseph ha-Kohen, wife of Judah b. ʿAllān, sells her female slave Naʿīm to Sitt al-Muna b. Nathan, widow of Nahray b. Nissim, for the sum of 20 dinars. Witnessed by Menaḥem b. Samuel, Yaʿir ha-Kohen b. Saʿadya, and Ṣemaḥ ha-Levi b. Jacob. Verso: Arabic text, perhaps related to the legal text on verso. </p>"
        ],
        "Associated Name(s)": [
          "Sitt al-Aqrān b. Joseph ha-Kohen, wife of Judah b. ʿAllān; Naʿīm, the female slave; Sitt al-Muna b. Nathan, widow of Nahray b. Nissim; Menaḥem b. Samuel; Yaʿir ha-Kohen b. Saʿadya; Ṣemaḥ ha-Levi b. Jacob"
        ],
        "Author(s) of the Record": ["CUL"],
        "Classmark": ["T-S 18J1.17"],
        "Condition": ["torn, holes"],
        "Date of Creation": ["1108 CE"],
        "Donor(s)": [
          "Schechter, S. (Solomon), 1847-1915; Taylor, Charles, 1840-1908"
        ],
        "Extent": ["1 leaf. Leaf height: 32.5 cm, width: 21.2 cm."],
        "Funding": [
          "The digitisation of the Taylor-Schechter Cairo Genizah Collection has been sponsored by the <a target='_blank' class='externalLink' href='http://www.jewishmanuscripts.org/'>Jewish Manuscript Preservation Society</a>, the <a target='_blank' class='externalLink' href='http://www.genizah.org/'>Friedberg Genizah Project Inc.</a>, and the <a target='_blank' class='externalLink' href='http://www.ahrc.ac.uk/Pages/default.aspx'>Arts and Humanities Research Council, UK</a>."
        ],
        "Language(s)": ["Aramaic; Hebrew; Judaeo-Arabic; Arabic"],
        "Layout": ["37 lines (recto), 9 lines (verso)"],
        "Material": ["Paper"],
        "Origin Place": ["Cairo"],
        "Physical Location": ["Cambridge University Library"],
        "Provenance": [
          "Donated by Dr Solomon Schechter and his patron Dr Charles Taylor in 1898 as part of the Taylor-Schechter Genizah Collection"
        ],
        "Scribe(s)": ["Abraham b. Nathan b. Abraham"],
        "Subject(s)": ["Cairo Genizah"],
        "Title": ["Legal document"]
      },
      "short_id": "MS-TS-00018-J-00001-00017",
      "uri": "https://cudl.lib.cam.ac.uk/iiif/MS-TS-00018-J-00001-00017"
    },
    "model": "djiffy.manifest",
    "pk": 2972
  },
  {
    "fields": {
      "created": "2021-12-20",
      "extra_data": {
        "attribution": "Provided by Cambridge University Library. Zooming image © Cambridge University Library, All rights reserved.  This image may be used in accord with fair use and fair dealing provisions, including teaching and research. If you wish to reproduce it within publications or on the public web, please contact genizah@lib.cam.ac.uk.   This metadata is published free of restrictions, under the terms of the Creative Commons CC0 1.0 Universal Public Domain Dedication.",
        "https://services.prod.env.cudl.link/v1/metadata/tei/MS-TS-AR-00030-00129/": {},
        "logo": "https://cudl.lib.cam.ac.uk/img/cu_logo.png"
      },
      "label": "Genizah Fragment (T-S Ar.30.129)",
      "last_modified": "2022-02-17",
      "metadata": {
        "Author(s) of the Record": ["CUL"],
        "Classmark": ["T-S Ar.30.129"],
        "Date of Creation": ["6th-19th century"],
        "Donor(s)": [
          "Schechter, S. (Solomon), 1847-1915; Taylor, Charles, 1840-1908"
        ],
        "Funding": [
          "The digitisation of the Taylor-Schechter Cairo Genizah Collection has been sponsored by the <a target='_blank' class='externalLink' href='http://www.jewishmanuscripts.org/'>Jewish Manuscript Preservation Society</a>, the <a target='_blank' class='externalLink' href='http://www.genizah.org/'>Friedberg Genizah Project Inc.</a>, and the <a target='_blank' class='externalLink' href='http://www.ahrc.ac.uk/Pages/default.aspx'>Arts and Humanities Research Council, UK</a>."
        ],
        "Physical Location": ["Cambridge University Library"],
        "Provenance": [
          "Donated by Dr Solomon Schechter and his patron Dr Charles Taylor in 1898 as part of the Taylor-Schechter Genizah Collection"
        ],
        "Subject(s)": ["Cairo Genizah"],
        "Title": ["Genizah Fragment"]
      },
      "short_id": "MS-TS-AR-00030-00129",
      "uri": "https://cudl.lib.cam.ac.uk/iiif/MS-TS-AR-00030-00129"
    },
    "model": "djiffy.manifest",
    "pk": 78
  },
  {
    "fields": {
      "created": "2022-01-20",
      "extra_data": {
        "https://figgy.princeton.edu/catalog/4069f1b9-d29d-43e7-ac57-a39ff2d073a4.jsonld": {
          "@context": [
            "https://bibdata.princeton.edu/context.json",
            {
              "latitude": {
                "@id": "wgs84:lat"
              },
              "longitude": {
                "@id": "wgs84:lon"
              },
              "wgs84": "http://www.w3.org/2003/01/geo/wgs84_pos#"
            }
          ],
          "@id": "https://figgy.princeton.edu/catalog/4069f1b9-d29d-43e7-ac57-a39ff2d073a4",
          "edm_rights": {
            "@id": "https://creativecommons.org/publicdomain/zero/1.0/",
            "@type": "dcterms:RightsStatement",
            "pref_label": "CC-Zero / Public Domain"
          },
          "identifier": ["ark:/88435/dc7m01bw84k"],
          "system_created_at": "2021-12-01T22:47:32Z",
          "system_updated_at": "2022-04-21T00:38:10Z",
          "title": [
            {
              "@language": "eng",
              "@value": "ENA 2727.15d"
            }
          ]
        },
        "license": "https://creativecommons.org/publicdomain/zero/1.0/",
        "logo": "https://figgy.princeton.edu/assets/pul_logo_icon-7b5f9384dfa5ca04f4851c6ee9e44e2d6953e55f893472a3e205e1591d3b2ca6.png"
      },
      "label": "ENA 2727.15d",
      "last_modified": "2022-06-15",
      "metadata": {
        "Identifier": ["ark:/88435/dc7m01bw84k"],
        "Local Identifier": ["ENA 2727.15d"],
        "Provenance": [
          "Images provided by the Jewish Theological Seminary Library (JTSL)"
        ],
        "Title": ["ENA 2727.15d"]
      },
      "short_id": "4069f1b9-d29d-43e7-ac57-a39ff2d073a4",
      "uri": "https://figgy.princeton.edu/concern/scanned_resources/4069f1b9-d29d-43e7-ac57-a39ff2d073a4/manifest"
    },
    "model": "djiffy.manifest",
    "pk": 11842
  },
  {
    "fields": {
      "created": "2021-12-20",
      "extra_data": {
        "attribution": "Provided by Cambridge University Library. Zooming image © Cambridge University Library, All rights reserved.  This image may be used in accord with fair use and fair dealing provisions, including teaching and research. If you wish to reproduce it within publications or on the public web, please contact <a href='mailto:genizah@lib.cam.ac.uk'>genizah@lib.cam.ac.uk</a>.   This metadata is published free of restrictions, under the terms of the Creative Commons CC0 1.0 Universal Public Domain Dedication.",
        "https://services.prod.env.cudl.link/v1/metadata/tei/MS-TS-00008-J-00005-00001/": {},
        "logo": "https://cudl.lib.cam.ac.uk/img/cu_logo.png"
      },
      "label": "Legal document (T-S 8J5.1)",
      "last_modified": "2022-02-17",
      "metadata": {
        "Abstract": [
          "<p style='text-align: justify;'>Legal document from Cairo and Fusṭāṭ. The rich goldsmith Abū Yaʿqūb Joseph b. Samuel’s (known as Ibn Naḥum) estate is recorded after his death for his minor children. Mentions Abū Sahl, Abū Sulaymān, Abū l-Ḥusayn al-Ḥalabī, Abū l-Faraj b. Qasāma, Abū l-Ṭāhir, Abū l-Ḥasan b. Ayyūb, Mūsā b. Musallam al-Qazzāz (the silk trader), Mūsā b. Faraj the Christian, Ṣāfī b. Naḥrīr, Maṣliaḥ the Sicilian, Abū l-Ḥasan al-Ṣanānīrī, and Abū Isḥāq b. Ṣulḥān. Signed by Abraham b. Nathan Av Bet Din, Abraham b. Šemaʿya he-Ḥaver (descendant of Šemaʿya Gaʾon), Isaac b. Samuel ha-Sefardi, Mevasser ha-Levi b. Yešuʿa and S[...]l b. Saʿadya. Dated 1425 of the Seleucid Era (= 1114 CE). In the hand of Ḥalfon b. Manasseh (who also signed the document). </p>"
        ],
        "Associated Name(s)": [
          "Abū Yaʿqūb Joseph b. Samuel (known as Ibn Naḥum the goldsmith); Abū Sahl; Abū Sulaymān; Abū l-Ḥusayn al-Ḥalabī; Abū l-Faraj b. Qasāma; Abū l-Ṭāhir; Abū l-Ḥasan b. Ayyūb; Mūsā b. Musallam al-Qazzāz; Mūsā b. Faraj the Christian; Ṣāfī b. Naḥrīr; Maṣliaḥ the Sicilian; Abū l-Ḥasan al-Ṣanānīrī; Abū Isḥāq b. Ṣulḥān; Abraham b. Nathan Av; Abraham b. Šemaʿya he-Ḥaver; Isaac b. Samuel ha-Sefardi; Mevasser ha-Levi b. Yešuʿa; S[...]l b. Saʿadya"
        ],
        "Author(s) of the Record": ["CUL"],
        "Classmark": ["T-S 8J5.1"],
        "Condition": ["torn"],
        "Date of Creation": ["1114 CE"],
        "Donor(s)": [
          "Schechter, S. (Solomon), 1847-1915; Taylor, Charles, 1840-1908"
        ],
        "Extent": [
          "2 leaves (bifolium). Leaf height: 17.6 cm, width: 26 (1 leaf: 13.3) cm."
        ],
        "Funding": [
          "The digitisation of the Taylor-Schechter Cairo Genizah Collection has been sponsored by the <a target='_blank' class='externalLink' href='http://www.jewishmanuscripts.org/'>Jewish Manuscript Preservation Society</a>, the <a target='_blank' class='externalLink' href='http://www.genizah.org/'>Friedberg Genizah Project Inc.</a>, and the <a target='_blank' class='externalLink' href='http://www.ahrc.ac.uk/Pages/default.aspx'>Arts and Humanities Research Council, UK</a>."
        ],
        "Language(s)": ["Judaeo-Arabic; Hebrew; Aramaic"],
        "Layout": ["12-19 lines"],
        "Material": ["Paper"],
        "Origin Place": ["Cairo; Fusṭāṭ"],
        "Physical Location": ["Cambridge University Library"],
        "Provenance": [
          "Donated by Dr Solomon Schechter and his patron Dr Charles Taylor in 1898 as part of the Taylor-Schechter Genizah Collection"
        ],
        "Scribe(s)": ["Ḥalfon b. Manasseh"],
        "Subject(s)": ["Cairo Genizah"],
        "Title": ["Legal document"]
      },
      "short_id": "MS-TS-00008-J-00005-00001",
      "uri": "https://cudl.lib.cam.ac.uk/iiif/MS-TS-00008-J-00005-00001"
    },
    "model": "djiffy.manifest",
    "pk": 5695
  },
  {
    "fields": {
      "created": "2022-01-20",
      "extra_data": {
        "https://figgy.princeton.edu/catalog/fd1a6b4c-c7e6-4920-bda5-2306cbb3f6e2.jsonld": {
          "@context": [
            "https://bibdata.princeton.edu/context.json",
            {
              "latitude": {
                "@id": "wgs84:lat"
              },
              "longitude": {
                "@id": "wgs84:lon"
              },
              "wgs84": "http://www.w3.org/2003/01/geo/wgs84_pos#"
            }
          ],
          "@id": "https://figgy.princeton.edu/catalog/fd1a6b4c-c7e6-4920-bda5-2306cbb3f6e2",
          "edm_rights": {
            "@id": "https://creativecommons.org/publicdomain/zero/1.0/",
            "@type": "dcterms:RightsStatement",
            "pref_label": "CC-Zero / Public Domain"
          },
          "identifier": ["ark:/88435/dcxs55mp093"],
          "system_created_at": "2021-12-02T03:17:03Z",
          "system_updated_at": "2022-04-21T02:03:31Z",
          "title": [
            {
              "@language": "eng",
              "@value": "ENA 3751.5"
            }
          ]
        },
        "license": "https://creativecommons.org/publicdomain/zero/1.0/",
        "logo": "https://figgy.princeton.edu/assets/pul_logo_icon-7b5f9384dfa5ca04f4851c6ee9e44e2d6953e55f893472a3e205e1591d3b2ca6.png"
      },
      "label": "ENA 3751.5",
      "last_modified": "2022-06-15",
      "metadata": {
        "Identifier": ["ark:/88435/dcxs55mp093"],
        "Local Identifier": ["ENA 3751.5"],
        "Provenance": [
          "Images provided by the Jewish Theological Seminary Library (JTSL)"
        ],
        "Title": ["ENA 3751.5"]
      },
      "short_id": "fd1a6b4c-c7e6-4920-bda5-2306cbb3f6e2",
      "uri": "https://figgy.princeton.edu/concern/scanned_resources/fd1a6b4c-c7e6-4920-bda5-2306cbb3f6e2/manifest"
    },
    "model": "djiffy.manifest",
    "pk": 14035
  },
  {
    "fields": {
      "created": "2022-01-20",
      "extra_data": {
        "https://figgy.princeton.edu/catalog/40be59a7-e77c-4534-8e87-c0137c7789c8.jsonld": {
          "@context": [
            "https://bibdata.princeton.edu/context.json",
            {
              "latitude": {
                "@id": "wgs84:lat"
              },
              "longitude": {
                "@id": "wgs84:lon"
              },
              "wgs84": "http://www.w3.org/2003/01/geo/wgs84_pos#"
            }
          ],
          "@id": "https://figgy.princeton.edu/catalog/40be59a7-e77c-4534-8e87-c0137c7789c8",
          "edm_rights": {
            "@id": "https://creativecommons.org/publicdomain/zero/1.0/",
            "@type": "dcterms:RightsStatement",
            "pref_label": "CC-Zero / Public Domain"
          },
          "identifier": ["ark:/88435/dc2514nw495"],
          "system_created_at": "2021-12-02T05:16:27Z",
          "system_updated_at": "2022-04-21T00:53:20Z",
          "title": [
            {
              "@language": "eng",
              "@value": "ENA 4045.2"
            }
          ]
        },
        "license": "https://creativecommons.org/publicdomain/zero/1.0/",
        "logo": "https://figgy.princeton.edu/assets/pul_logo_icon-7b5f9384dfa5ca04f4851c6ee9e44e2d6953e55f893472a3e205e1591d3b2ca6.png"
      },
      "label": "ENA 4045.2",
      "last_modified": "2022-06-15",
      "metadata": {
        "Identifier": ["ark:/88435/dc2514nw495"],
        "Local Identifier": ["ENA 4045.2"],
        "Provenance": [
          "Images provided by the Jewish Theological Seminary Library (JTSL)"
        ],
        "Title": ["ENA 4045.2"]
      },
      "short_id": "40be59a7-e77c-4534-8e87-c0137c7789c8",
      "uri": "https://figgy.princeton.edu/concern/scanned_resources/40be59a7-e77c-4534-8e87-c0137c7789c8/manifest"
    },
    "model": "djiffy.manifest",
    "pk": 12331
  },
  {
    "fields": {
      "created": "2021-12-20",
      "extra_data": {
        "attribution": "Provided by Cambridge University Library. Zooming image © Cambridge University Library, All rights reserved.  This image may be used in accord with fair use and fair dealing provisions, including teaching and research. If you wish to reproduce it within publications or on the public web, please contact <a href='mailto:genizah@lib.cam.ac.uk'>genizah@lib.cam.ac.uk</a>.   This metadata is published free of restrictions, under the terms of the Creative Commons CC0 1.0 Universal Public Domain Dedication.",
        "https://services.prod.env.cudl.link/v1/metadata/tei/MS-TS-AS-00135-00053/": {},
        "logo": "https://cudl.lib.cam.ac.uk/img/cu_logo.png"
      },
      "label": "Letter; unidentified (T-S AS 135.53)",
      "last_modified": "2022-02-17",
      "metadata": {
        "Abstract": [
          "<p style='text-align: justify;'>Recto: part of a letter in Arabic. Verso: unidentified text in Hebrew characters. </p>"
        ],
        "Author(s) of the Record": ["CUL"],
        "Classmark": ["T-S AS 135.53"],
        "Condition": ["badly torn, holes, badly stained"],
        "Date of Creation": ["6th-19th century"],
        "Donor(s)": [
          "Schechter, S. (Solomon), 1847-1915; Taylor, Charles, 1840-1908"
        ],
        "Extent": ["1 leaf. Leaf height: 6.1 cm, width: 5.1 cm."],
        "Funding": [
          "The digitisation of the Taylor-Schechter Cairo Genizah Collection has been sponsored by the <a target='_blank' class='externalLink' href='http://www.jewishmanuscripts.org/'>Jewish Manuscript Preservation Society</a>, the <a target='_blank' class='externalLink' href='http://www.genizah.org/'>Friedberg Genizah Project Inc.</a>, and the <a target='_blank' class='externalLink' href='http://www.ahrc.ac.uk/Pages/default.aspx'>Arts and Humanities Research Council, UK</a>."
        ],
        "Language(s)": ["Arabic; Hebrew (?)"],
        "Layout": ["4 lines (recto); 1 line (verso)"],
        "Material": ["Paper"],
        "Note(s)": ["Verso is written transversely in relation to recto."],
        "Physical Location": ["Cambridge University Library"],
        "Provenance": [
          "Donated by Dr Solomon Schechter and his patron Dr Charles Taylor in 1898 as part of the Taylor-Schechter Genizah Collection"
        ],
        "Subject(s)": ["Cairo Genizah"],
        "Title": ["Letter; unidentified"]
      },
      "short_id": "MS-TS-AS-00135-00053",
      "uri": "https://cudl.lib.cam.ac.uk/iiif/MS-TS-AS-00135-00053"
    },
    "model": "djiffy.manifest",
    "pk": 5903
  },
  {
    "fields": {
      "created": "2021-12-20",
      "extra_data": {
        "attribution": "Provided by Cambridge University Library. Zooming image © Cambridge University Library, All rights reserved.  This image may be used in accord with fair use and fair dealing provisions, including teaching and research. If you wish to reproduce it within publications or on the public web, please contact <a href='mailto:genizah@lib.cam.ac.uk'>genizah@lib.cam.ac.uk</a>.   This metadata is published free of restrictions, under the terms of the Creative Commons CC0 1.0 Universal Public Domain Dedication.",
        "https://services.prod.env.cudl.link/v1/metadata/tei/MS-TS-00010-J-00012-00016/": {},
        "logo": "https://cudl.lib.cam.ac.uk/img/cu_logo.png"
      },
      "label": "Letter (T-S 10J12.16)",
      "last_modified": "2022-02-17",
      "metadata": {
        "Abstract": [
          "<p style='text-align: justify;'>Letter from a mother to her son Abū l-Maḥāsin in a hostel in the Alexandrian quarter al-Qamra. Written by Abū Manṣūr and mentioning people including Abū l-Waḥš, the shop of al-Kohen al-Siqillī and Abū l-Faraj al-Šarābī. </p>"
        ],
        "Associated Name(s)": [
          "Abū Manṣūr; Abū l-Waḥš; al-Kohen al-Siqillī; Abū l-Faraj al-Šarābī"
        ],
        "Author(s)": ["Abū l-Maḥāsin, mother of"],
        "Author(s) of the Record": ["CUL"],
        "Classmark": ["T-S 10J12.16"],
        "Condition": ["holes, rubbed"],
        "Date of Creation": ["6th-19th century"],
        "Donor(s)": [
          "Schechter, S. (Solomon), 1847-1915; Taylor, Charles, 1840-1908"
        ],
        "Extent": ["1 leaf. Leaf height: 21 cm, width: 16.7 cm."],
        "Funding": [
          "The digitisation of the Taylor-Schechter Cairo Genizah Collection has been sponsored by the <a target='_blank' class='externalLink' href='http://www.jewishmanuscripts.org/'>Jewish Manuscript Preservation Society</a>, the <a target='_blank' class='externalLink' href='http://www.genizah.org/'>Friedberg Genizah Project Inc.</a>, and the <a target='_blank' class='externalLink' href='http://www.ahrc.ac.uk/Pages/default.aspx'>Arts and Humanities Research Council, UK</a>."
        ],
        "Language(s)": ["Judaeo-Arabic; Hebrew; Arabic"],
        "Layout": ["21 lines + marginalia (recto); 4 lines (verso)"],
        "Material": ["Paper"],
        "Note(s)": ["Two lines on verso are inverted in relation to recto."],
        "Physical Location": ["Cambridge University Library"],
        "Provenance": [
          "Donated by Dr Solomon Schechter and his patron Dr Charles Taylor in 1898 as part of the Taylor-Schechter Genizah Collection"
        ],
        "Recipient(s)": ["Abū l-Maḥāsin"],
        "Scribe(s)": ["Abū Manṣūr"],
        "Subject(s)": ["Cairo Genizah"],
        "Title": ["Letter"]
      },
      "short_id": "MS-TS-00010-J-00012-00016",
      "uri": "https://cudl.lib.cam.ac.uk/iiif/MS-TS-00010-J-00012-00016"
    },
    "model": "djiffy.manifest",
    "pk": 2409
  },
  {
    "fields": {
      "created": "2021-12-20",
      "extra_data": {
        "attribution": "Provided by Cambridge University Library. Zooming image © Cambridge University Library, All rights reserved.  This image may be used in accord with fair use and fair dealing provisions, including teaching and research. If you wish to reproduce it within publications or on the public web, please contact <a href='mailto:genizah@lib.cam.ac.uk'>genizah@lib.cam.ac.uk</a>.   This metadata is published free of restrictions, under the terms of the Creative Commons CC0 1.0 Universal Public Domain Dedication.",
        "https://services.prod.env.cudl.link/v1/metadata/tei/MS-TS-00018-J-00001-00001/": {},
        "logo": "https://cudl.lib.cam.ac.uk/img/cu_logo.png"
      },
      "label": "Letter; document (T-S 18J1.1)",
      "last_modified": "2022-02-17",
      "metadata": {
        "Abstract": [
          "<p style='text-align: justify;'>Recto: letter in which 15 signatories ask a community in another country to bring to court a merchant against whom a widow has financial claims. Verso: document in Arabic script. </p>"
        ],
        "Author(s) of the Record": ["CUL"],
        "Classmark": ["T-S 18J1.1"],
        "Condition": ["torn, holes, rubbed, faded"],
        "Date of Creation": ["6th-19th century"],
        "Donor(s)": [
          "Schechter, S. (Solomon), 1847-1915; Taylor, Charles, 1840-1908"
        ],
        "Extent": ["1 leaf. Leaf height: 29.5 cm, width: 19.6 cm."],
        "Funding": [
          "The digitisation of the Taylor-Schechter Cairo Genizah Collection has been sponsored by the <a target='_blank' class='externalLink' href='http://www.jewishmanuscripts.org/'>Jewish Manuscript Preservation Society</a>, the <a target='_blank' class='externalLink' href='http://www.genizah.org/'>Friedberg Genizah Project Inc.</a>, and the <a target='_blank' class='externalLink' href='http://www.ahrc.ac.uk/Pages/default.aspx'>Arts and Humanities Research Council, UK</a>."
        ],
        "Language(s)": ["Judaeo-Arabic; Arabic"],
        "Layout": ["26 lines (recto); 5 lines + marginalia (verso)"],
        "Material": ["Paper"],
        "Physical Location": ["Cambridge University Library"],
        "Provenance": [
          "Donated by Dr Solomon Schechter and his patron Dr Charles Taylor in 1898 as part of the Taylor-Schechter Genizah Collection"
        ],
        "Subject(s)": ["Cairo Genizah"],
        "Title": ["Letter; document"]
      },
      "short_id": "MS-TS-00018-J-00001-00001",
      "uri": "https://cudl.lib.cam.ac.uk/iiif/MS-TS-00018-J-00001-00001"
    },
    "model": "djiffy.manifest",
    "pk": 6885
  },
  {
    "fields": {
      "created": "2021-12-20",
      "extra_data": {
        "attribution": "Provided by Cambridge University Library. Zooming image © Cambridge University Library, All rights reserved.  This image may be used in accord with fair use and fair dealing provisions, including teaching and research. If you wish to reproduce it within publications or on the public web, please contact genizah@lib.cam.ac.uk.   This metadata is published free of restrictions, under the terms of the Creative Commons CC0 1.0 Universal Public Domain Dedication.",
        "https://services.prod.env.cudl.link/v1/metadata/tei/MS-OR-01080-00001-00064/": {},
        "logo": "https://cudl.lib.cam.ac.uk/img/cu_logo.png"
      },
      "label": "Responsa (Or.1080 1.64)",
      "last_modified": "2022-02-17",
      "metadata": {
        "Abstract": [
          "<p style='text-align: justify;'>Various Geonic responsa.</p>"
        ],
        "Author(s) of the Record": ["CUL"],
        "Classmark": ["Or.1080 1.64"],
        "Condition": ["Holes, faded"],
        "Date of Creation": ["6th-19th century"],
        "Donor(s)": [
          "Schechter, S. (Solomon), 1847-1915; Taylor, Charles, 1840-1908"
        ],
        "Extent": ["1 leaf."],
        "Funding": [
          "The digitisation of the Taylor-Schechter Cairo Genizah Collection has been sponsored by the <a target='_blank' class='externalLink' href='http://www.jewishmanuscripts.org/'>Jewish Manuscript Preservation Society</a>, the <a target='_blank' class='externalLink' href='http://www.genizah.org/'>Friedberg Genizah Project Inc.</a>, and the <a target='_blank' class='externalLink' href='http://www.ahrc.ac.uk/Pages/default.aspx'>Arts and Humanities Research Council, UK</a>."
        ],
        "Language(s)": ["Hebrew; Aramaic (isolated Babylonian vocalisation)"],
        "Layout": ["28 lines"],
        "Material": ["Vellum"],
        "Physical Location": ["Cambridge University Library"],
        "Provenance": [
          "Donated by Dr Solomon Schechter and his patron Dr Charles Taylor in 1898 as part of the Taylor-Schechter Genizah Collection"
        ],
        "Subject(s)": ["Cairo Genizah"],
        "Title": ["Responsa"]
      },
      "short_id": "MS-OR-01080-00001-00064",
      "uri": "https://cudl.lib.cam.ac.uk/iiif/MS-OR-01080-00001-00064"
    },
    "model": "djiffy.manifest",
    "pk": 5809
  },
  {
    "fields": {
      "created": "2022-01-20",
      "extra_data": {
        "https://figgy.princeton.edu/catalog/c3441638-b22f-46b7-b6a9-1301f6155c3e.jsonld": {
          "@context": [
            "https://bibdata.princeton.edu/context.json",
            {
              "latitude": {
                "@id": "wgs84:lat"
              },
              "longitude": {
                "@id": "wgs84:lon"
              },
              "wgs84": "http://www.w3.org/2003/01/geo/wgs84_pos#"
            }
          ],
          "@id": "https://figgy.princeton.edu/catalog/c3441638-b22f-46b7-b6a9-1301f6155c3e",
          "edm_rights": {
            "@id": "https://creativecommons.org/publicdomain/zero/1.0/",
            "@type": "dcterms:RightsStatement",
            "pref_label": "CC-Zero / Public Domain"
          },
          "identifier": ["ark:/88435/4q77g0855"],
          "system_created_at": "2021-01-08T06:19:59Z",
          "system_updated_at": "2022-04-20T23:34:51Z",
          "title": [
            {
              "@language": "eng",
              "@value": "ENA 2209.12"
            }
          ]
        },
        "license": "https://creativecommons.org/publicdomain/zero/1.0/",
        "logo": "https://figgy.princeton.edu/assets/pul_logo_icon-7b5f9384dfa5ca04f4851c6ee9e44e2d6953e55f893472a3e205e1591d3b2ca6.png"
      },
      "label": "ENA 2209.12",
      "last_modified": "2022-06-15",
      "metadata": {
        "Identifier": ["ark:/88435/4q77g0855"],
        "Local Identifier": ["ENA 2209.12"],
        "Provenance": [
          "Images provided by the Jewish Theological Seminary Library (JTSL)"
        ],
        "Title": ["ENA 2209.12"]
      },
      "short_id": "c3441638-b22f-46b7-b6a9-1301f6155c3e",
      "uri": "https://figgy.princeton.edu/concern/scanned_resources/c3441638-b22f-46b7-b6a9-1301f6155c3e/manifest"
    },
    "model": "djiffy.manifest",
    "pk": 11360
  },
  {
    "fields": {
      "abbrev": "Sassoon",
      "lib_abbrev": "",
      "library": "Various",
      "location": "Various",
      "name": "Former Sassoon collection"
    },
    "model": "corpus.collection"
  },
  {
    "fields": {
      "abbrev": "",
      "lib_abbrev": "PUL",
      "library": "Firestone Library, Princeton University",
      "location": "Princeton",
      "name": ""
    },
    "model": "corpus.collection"
  },
  {
    "fields": {
      "abbrev": "Moss.",
      "lib_abbrev": "Mosseri",
      "library": "Cambridge University Library",
      "location": "Cambridge",
      "name": "Mosseri"
    },
    "model": "corpus.collection"
  },
  {
    "fields": {
      "abbrev": "",
      "lib_abbrev": "JRL",
      "library": "John Rylands Library, University of Manchester",
      "location": "Manchester",
      "name": ""
    },
    "model": "corpus.collection"
  },
  {
    "fields": {
      "abbrev": "",
      "lib_abbrev": "",
      "library": "University of Mainz",
      "location": "Mainz",
      "name": ""
    },
    "model": "corpus.collection"
  },
  {
    "fields": {
      "abbrev": "",
      "lib_abbrev": "Freer",
      "library": "Freer Gallery of Art, Athur M. Sackler Gallery, Smithsonian Institution",
      "location": "Washington, DC",
      "name": ""
    },
    "model": "corpus.collection"
  },
  {
    "fields": {
      "abbrev": "T-S",
      "lib_abbrev": "CUL",
      "library": "Cambridge University Library",
      "location": "Cambridge",
      "name": "Taylor-Schechter"
    },
    "model": "corpus.collection"
  },
  {
    "fields": {
      "abbrev": "ENA",
      "lib_abbrev": "JTS",
      "library": "Jewish Theological Seminary Library",
      "location": "New York",
      "name": "Elkan Nathan Adler"
    },
    "model": "corpus.collection"
  },
  {
    "fields": {
      "abbrev": "",
      "lib_abbrev": "JTS",
      "library": "Jewish Theological Seminary Library",
      "location": "New York",
      "name": ""
    },
    "model": "corpus.collection"
  },
  {
    "fields": {
      "abbrev": "Or.",
      "lib_abbrev": "CUL",
      "library": "Cambridge University Library",
      "location": "Cambridge",
      "name": "Oriental Manuscripts"
    },
    "model": "corpus.collection"
  },
  {
    "fields": {
      "abbrev": "",
      "lib_abbrev": "Bodl.",
      "library": "Bodleian Library",
      "location": "Oxford",
      "name": ""
    },
    "model": "corpus.collection"
  },
  {
    "fields": {
      "abbrev": "",
      "lib_abbrev": "AIU",
      "library": "Alliance Israélite Universelle",
      "location": "Paris",
      "name": ""
    },
    "model": "corpus.collection"
  },
  {
    "fields": {
      "name": "Exilarch",
      "slug": "exilarch_1"
    },
    "model": "taggit.tag",
    "pk": 1725
  },
  {
    "fields": {
      "name": "babylonian academies",
      "slug": "babylonian-academies"
    },
    "model": "taggit.tag",
    "pk": 680
  },
  {
    "fields": {
      "name": "Spain",
      "slug": "spain"
    },
    "model": "taggit.tag",
    "pk": 480
  },
  {
    "fields": {
      "name": "Illness: treatment",
      "slug": "illness-treatment_1"
    },
    "model": "taggit.tag",
    "pk": 2610
  },
  {
    "fields": {
      "name": "illness: respiratory",
      "slug": "illness-respiratory"
    },
    "model": "taggit.tag",
    "pk": 1868
  },
  {
    "fields": {
      "name": "illness: occupation with self",
      "slug": "illness-occupation-with-self"
    },
    "model": "taggit.tag",
    "pk": 1224
  },
  {
    "fields": {
      "name": "illness: chronic",
      "slug": "illness-chronic"
    },
    "model": "taggit.tag",
    "pk": 666
  },
  {
    "fields": {
      "name": "illness: rich description",
      "slug": "illness-rich-description"
    },
    "model": "taggit.tag",
    "pk": 461
  },
  {
    "fields": {
      "name": "illness: cost",
      "slug": "illness-cost"
    },
    "model": "taggit.tag",
    "pk": 177
  },
  {
    "fields": {
      "name": "slave",
      "slug": "slave"
    },
    "model": "taggit.tag",
    "pk": 902
  },
  {
    "fields": {
      "name": "aodeh",
      "slug": "aodeh"
    },
    "model": "taggit.tag",
    "pk": 347
  },
  {
    "fields": {
      "name": "Nahray B. Nissim",
      "slug": "nahray-b-nissim"
    },
    "model": "taggit.tag",
    "pk": 40
  },
  {
    "fields": {
      "name": "Qaraite divorce",
      "slug": "qaraite-divorce"
    },
    "model": "taggit.tag",
    "pk": 2786
  },
  {
    "fields": {
      "name": "Qaraites",
      "slug": "qaraites"
    },
    "model": "taggit.tag",
    "pk": 623
  },
  {
    "fields": {
      "name": "excommunication",
      "slug": "excommunication"
    },
    "model": "taggit.tag",
    "pk": 88
  },
  {
    "fields": {
      "name": "Damsis",
      "slug": "damsis"
    },
    "model": "taggit.tag",
    "pk": 1396
  },
  {
    "fields": {
      "name": "fatwa",
      "slug": "fatwa"
    },
    "model": "taggit.tag",
    "pk": 1381
  },
  {
    "fields": {
      "name": "Shehita",
      "slug": "shehita_1"
    },
    "model": "taggit.tag",
    "pk": 225
  },
  {
    "fields": {
      "name": "10th century",
      "slug": "10th-century"
    },
    "model": "taggit.tag",
    "pk": 2254
  },
  {
    "fields": {
      "name": "orphans",
      "slug": "orphans"
    },
    "model": "taggit.tag",
    "pk": 1215
  },
  {
    "fields": {
      "name": "debt",
      "slug": "debt"
    },
    "model": "taggit.tag",
    "pk": 452
  },
  {
    "fields": {
      "name": "communal",
      "slug": "communal"
    },
    "model": "taggit.tag",
    "pk": 87
  },
  {
    "fields": {
      "name": "abortion",
      "slug": "abortion"
    },
    "model": "taggit.tag",
    "pk": 1947
  },
  {
    "fields": {
      "name": "pregancy",
      "slug": "pregancy"
    },
    "model": "taggit.tag",
    "pk": 1946
  },
  {
    "fields": {
      "name": "illness: heartsickness",
      "slug": "illness-heartsickness"
    },
    "model": "taggit.tag",
    "pk": 1127
  },
  {
    "fields": {
      "name": "astrology",
      "slug": "astrology"
    },
    "model": "taggit.tag",
    "pk": 324
  },
  {
    "fields": {
      "name": "illness: mental",
      "slug": "illness-mental"
    },
    "model": "taggit.tag",
    "pk": 322
  },
  {
    "fields": {
      "name": "physician",
      "slug": "physician"
    },
    "model": "taggit.tag",
    "pk": 206
  },
  {
    "fields": {
      "name": "illness: diet",
      "slug": "illness-diet"
    },
    "model": "taggit.tag",
    "pk": 1892
  },
  {
    "fields": {
      "name": "dreams",
      "slug": "dreams"
    },
    "model": "taggit.tag",
    "pk": 1465
  },
  {
    "fields": {
      "name": "Illness: women's",
      "slug": "illness-womens_1"
    },
    "model": "taggit.tag",
    "pk": 1402
  },
  {
    "fields": {
      "name": "Women's letters",
      "slug": "womens-letters_1"
    },
    "model": "taggit.tag",
    "pk": 1240
  },
  {
    "fields": {
      "name": "dictated",
      "slug": "dictated"
    },
    "model": "taggit.tag",
    "pk": 828
  },
  {
    "fields": {
      "name": "disability: vision",
      "slug": "disability-vision"
    },
    "model": "taggit.tag",
    "pk": 817
  },
  {
    "fields": {
      "name": "disability",
      "slug": "disability"
    },
    "model": "taggit.tag",
    "pk": 813
  },
  {
    "fields": {
      "name": "nar",
      "slug": "nar"
    },
    "model": "taggit.tag",
    "pk": 647
  },
  {
    "fields": {
      "name": "illness: threatening to die",
      "slug": "illness-threatening-to-die"
    },
    "model": "taggit.tag",
    "pk": 613
  },
  {
    "fields": {
      "name": "wine",
      "slug": "wine"
    },
    "model": "taggit.tag",
    "pk": 572
  },
  {
    "fields": {
      "name": "illness: fever",
      "slug": "illness-fever"
    },
    "model": "taggit.tag",
    "pk": 463
  },
  {
    "fields": {
      "name": "books",
      "slug": "books"
    },
    "model": "taggit.tag",
    "pk": 316
  },
  {
    "fields": {
      "name": "illness: marad",
      "slug": "illness-marad"
    },
    "model": "taggit.tag",
    "pk": 82
  },
  {
    "fields": {
      "name": "Yemen",
      "slug": "yemen_1"
    },
    "model": "taggit.tag",
    "pk": 415
  },
  {
    "fields": {
      "name": "real estate",
      "slug": "real-estate"
    },
    "model": "taggit.tag",
    "pk": 167
  },
  {
    "fields": {
      "name": "bill of sale",
      "slug": "bill-of-sale"
    },
    "model": "taggit.tag",
    "pk": 165
  },
  {
    "fields": {
      "name": "fiscal",
      "slug": "fiscal"
    },
    "model": "taggit.tag",
    "pk": 673
  },
  {
    "fields": {
      "name": "tax",
      "slug": "tax"
    },
    "model": "taggit.tag",
    "pk": 103
  },
  {
    "fields": {
      "display_name": "Judaeo-Arabic",
      "iso_code": "jrb",
      "language": "Judaeo-Arabic",
      "script": "Hebrew"
    },
    "model": "corpus.languagescript"
  },
  {
    "fields": {
      "name": "18th or 19th c",
      "slug": "18th-or-19th-c"
    },
    "model": "taggit.tag",
    "pk": 30
  },
  {
    "fields": {
      "name": "Petition",
      "slug": "petition_1"
    },
    "model": "taggit.tag",
    "pk": 1114
  },
  {
    "fields": {
      "name": "Report",
      "slug": "report_1"
    },
    "model": "taggit.tag",
    "pk": 1103
  },
  {
    "fields": {
      "name": "Ayyubid",
      "slug": "ayyubid"
    },
    "model": "taggit.tag",
    "pk": 1101
  },
  {
    "fields": {
      "name": "multihanded",
      "slug": "multihanded"
    },
    "model": "taggit.tag",
    "pk": 538
  },
  {
    "fields": {
      "name": "internal",
      "slug": "internal"
    },
    "model": "taggit.tag",
    "pk": 537
  },
  {
    "fields": {
      "name": "Arabic",
      "slug": "arabic"
    },
    "model": "taggit.tag",
    "pk": 375
  },
  {
    "fields": {
      "name": "sijill",
      "slug": "sijill"
    },
    "model": "taggit.tag",
    "pk": 1152
  },
  {
    "fields": {
      "name": "manshur",
      "slug": "manshur"
    },
    "model": "taggit.tag",
    "pk": 1151
  },
  {
    "fields": {
      "name": "Decree",
      "slug": "decree_1"
    },
    "model": "taggit.tag",
    "pk": 1147
  },
  {
    "fields": {
      "name": "lost archive",
      "slug": "lost-archive"
    },
    "model": "taggit.tag",
    "pk": 527
  },
  {
    "fields": {
      "name": "DIMME",
      "slug": "dimme"
    },
    "model": "taggit.tag",
    "pk": 524
  },
  {
    "fields": {
      "display_label": "State document",
      "display_label_ar": null,
      "display_label_en": "State document",
      "display_label_he": null,
      "name": "State",
      "name_ar": null,
      "name_en": "State",
      "name_he": null
    },
    "model": "corpus.documenttype"
  },
  {
    "fields": {
      "display_name": "Aramaic",
      "iso_code": "arc",
      "language": "Aramaic",
      "script": "Hebrew"
    },
    "model": "corpus.languagescript"
  },
  {
    "fields": {
      "name": "CUDL",
      "slug": "cudl"
    },
    "model": "taggit.tag",
    "pk": 921
  },
  {
    "fields": {
      "name": "Illness",
      "slug": "illness_1"
    },
    "model": "taggit.tag",
    "pk": 1277
  },
  {
    "fields": {
      "name": "illness: fasting",
      "slug": "illness-fasting"
    },
    "model": "taggit.tag",
    "pk": 768
  },
  {
    "fields": {
      "name": "trade",
      "slug": "trade"
    },
    "model": "taggit.tag",
    "pk": 256
  },
  {
    "fields": {
      "name": "illness letter 969-1517",
      "slug": "illness-letter-9691517"
    },
    "model": "taggit.tag",
    "pk": 86
  },
  {
    "fields": {
      "display_label": "",
      "display_label_ar": null,
      "display_label_en": "",
      "display_label_he": null,
      "name": "Letter",
      "name_ar": null,
      "name_en": "Letter",
      "name_he": null
    },
    "model": "corpus.documenttype"
  },
  {
    "fields": {
      "name": "FGP stub",
      "slug": "fgp-stub"
    },
    "model": "taggit.tag",
    "pk": 1
  },
  {
    "fields": {
      "display_label": "",
      "display_label_ar": null,
      "display_label_en": "",
      "display_label_he": null,
      "name": "List or table",
      "name_ar": null,
      "name_en": "List or table",
      "name_he": null
    },
    "model": "corpus.documenttype"
  },
  {
    "fields": {
      "name": "Nagid",
      "slug": "nagid_1"
    },
    "model": "taggit.tag",
    "pk": 1272
  },
  {
    "fields": {
      "name": "bara'a",
      "slug": "baraa"
    },
    "model": "taggit.tag",
    "pk": 699
  },
  {
    "fields": {
      "name": "14th c",
      "slug": "14th-c"
    },
    "model": "taggit.tag",
    "pk": 228
  },
  {
    "fields": {
      "name": "Responsum",
      "slug": "responsum_1"
    },
    "model": "taggit.tag",
    "pk": 2579
  },
  {
    "fields": {
      "display_label": "Legal document",
      "display_label_ar": null,
      "display_label_en": "Legal document",
      "display_label_he": null,
      "name": "Legal",
      "name_ar": null,
      "name_en": "Legal",
      "name_he": null
    },
    "model": "corpus.documenttype"
  },
  {
    "fields": {
      "display_name": "Arabic",
      "iso_code": "ar",
      "language": "Arabic",
      "script": "Arabic"
    },
    "model": "corpus.languagescript"
  },
  {
    "fields": {
      "name": "epidemic",
      "slug": "epidemic"
    },
    "model": "taggit.tag",
    "pk": 74
  },
  {
    "fields": {
      "name": "Arabic script",
      "slug": "arabic-script"
    },
    "model": "taggit.tag",
    "pk": 13
  },
  {
    "fields": {
      "name": "17th c",
      "slug": "17th-c"
    },
    "model": "taggit.tag",
    "pk": 7
  },
  {
    "fields": {
      "display_label": "Literary text",
      "display_label_ar": null,
      "display_label_en": "Literary text",
      "display_label_he": null,
      "name": "Literary",
      "name_ar": null,
      "name_en": "Literary",
      "name_he": null
    },
    "model": "corpus.documenttype"
  },
  {
    "fields": {
      "display_name": "Hebrew",
      "iso_code": "he",
      "language": "Hebrew",
      "script": "Hebrew"
    },
    "model": "corpus.languagescript"
  },
  {
    "fields": {
      "name": "Magic",
      "slug": "magic_1"
    },
    "model": "taggit.tag",
    "pk": 1368
  },
  {
    "fields": {
      "name": "prognostication",
      "slug": "prognostication"
    },
    "model": "taggit.tag",
    "pk": 48
  },
  {
    "fields": {
      "display_label": "Paraliterary text",
      "display_label_ar": null,
      "display_label_en": "Paraliterary text",
      "display_label_he": null,
      "name": "Paraliterary",
      "name_ar": null,
      "name_en": "Paraliterary",
      "name_he": null
    },
    "model": "corpus.documenttype"
  },
  {
    "fields": {
      "collection": ["", "Bodleian Library"],
      "created": "2021-05-26T20:24:17.790Z",
      "iiif_url": "",
      "is_multifragment": false,
      "last_modified": "2021-05-26T20:24:17.790Z",
      "manifest": null,
      "needs_review": "",
      "notes": "",
      "old_shelfmarks": "",
      "shelfmark": "Bodl. MS heb. f 34/44",
      "url": ""
    },
    "model": "corpus.fragment"
  },
  {
    "fields": {
      "collection": ["", "Bodleian Library"],
      "created": "2021-05-26T20:24:17.749Z",
      "iiif_url": "",
      "is_multifragment": false,
      "last_modified": "2021-05-26T20:24:17.749Z",
      "manifest": null,
      "needs_review": "",
      "notes": "",
      "old_shelfmarks": "",
      "shelfmark": "Bodl. MS heb. f 34/43",
      "url": ""
    },
    "model": "corpus.fragment"
  },
  {
    "fields": {
      "collection": ["", "Bodleian Library"],
      "created": "2021-05-26T20:24:17.708Z",
      "iiif_url": "",
      "is_multifragment": false,
      "last_modified": "2021-05-26T20:24:17.708Z",
      "manifest": null,
      "needs_review": "",
      "notes": "",
      "old_shelfmarks": "",
      "shelfmark": "Bodl. MS heb. f 34/42",
      "url": ""
    },
    "model": "corpus.fragment"
  },
  {
    "fields": {
      "collection": ["", "Bodleian Library"],
      "created": "2021-05-26T20:24:17.665Z",
      "iiif_url": "",
      "is_multifragment": false,
      "last_modified": "2021-05-26T20:24:17.665Z",
      "manifest": null,
      "needs_review": "",
      "notes": "",
      "old_shelfmarks": "",
      "shelfmark": "Bodl. MS heb. f 34/41",
      "url": ""
    },
    "model": "corpus.fragment"
  },
  {
    "fields": {
      "collection": ["", "Bodleian Library"],
      "created": "2021-05-26T20:24:17.615Z",
      "iiif_url": "",
      "is_multifragment": false,
      "last_modified": "2021-05-26T20:24:17.615Z",
      "manifest": null,
      "needs_review": "",
      "notes": "",
      "old_shelfmarks": "",
      "shelfmark": "Bodl. MS heb. f 34/40",
      "url": ""
    },
    "model": "corpus.fragment"
  },
  {
    "fields": {
      "collection": ["", "Bodleian Library"],
      "created": "2021-05-26T20:24:17.567Z",
      "iiif_url": "",
      "is_multifragment": false,
      "last_modified": "2021-05-26T20:24:17.567Z",
      "manifest": null,
      "needs_review": "",
      "notes": "",
      "old_shelfmarks": "",
      "shelfmark": "Bodl. MS heb. f 34/39",
      "url": ""
    },
    "model": "corpus.fragment"
  },
  {
    "fields": {
      "collection": ["Taylor-Schechter", "Cambridge University Library"],
      "created": "2021-05-26T20:36:31.950Z",
      "iiif_url": "",
      "is_multifragment": false,
      "last_modified": "2021-05-26T20:36:31.950Z",
      "manifest": null,
      "needs_review": "",
      "notes": "",
      "old_shelfmarks": "",
      "shelfmark": "T-S Ar.7.16",
      "url": ""
    },
    "model": "corpus.fragment"
  },
  {
    "fields": {
      "collection": ["", "Jewish Theological Seminary Library"],
      "created": "2021-05-26T20:25:30.819Z",
      "iiif_url": "https://figgy.princeton.edu/concern/scanned_resources/4069f1b9-d29d-43e7-ac57-a39ff2d073a4/manifest",
      "is_multifragment": false,
      "last_modified": "2022-01-20T19:38:10.205Z",
      "manifest": 11842,
      "needs_review": "",
      "notes": "",
      "old_shelfmarks": "",
      "shelfmark": "ENA 2727.15d",
      "url": ""
    },
    "model": "corpus.fragment"
  },
  {
    "fields": {
      "collection": ["Taylor-Schechter", "Cambridge University Library"],
      "created": "2021-05-26T20:35:19.718Z",
      "iiif_url": "https://cudl.lib.cam.ac.uk/iiif/MS-TS-00008-J-00005-00001",
      "is_multifragment": false,
      "last_modified": "2021-12-20T23:06:51.050Z",
      "manifest": 5695,
      "needs_review": "",
      "notes": "",
      "old_shelfmarks": "",
      "shelfmark": "T-S 8J5.1",
      "url": "https://cudl.lib.cam.ac.uk/view/MS-TS-00008-J-00005-00001"
    },
    "model": "corpus.fragment"
  },
  {
    "fields": {
      "collection": ["Taylor-Schechter", "Cambridge University Library"],
      "created": "2021-05-26T20:33:59.832Z",
      "iiif_url": "https://cudl.lib.cam.ac.uk/iiif/MS-TS-00018-J-00001-00017",
      "is_multifragment": false,
      "last_modified": "2021-12-20T23:04:00.560Z",
      "manifest": 2972,
      "needs_review": "",
      "notes": "",
      "old_shelfmarks": "",
      "shelfmark": "T-S 18J1.17",
      "url": "https://cudl.lib.cam.ac.uk/view/MS-TS-00018-J-00001-00017"
    },
    "model": "corpus.fragment"
  },
  {
    "fields": {
      "collection": ["Taylor-Schechter", "Cambridge University Library"],
      "created": "2021-05-26T20:32:52.120Z",
      "iiif_url": "",
      "is_multifragment": false,
      "last_modified": "2021-05-26T20:32:52.120Z",
      "manifest": null,
      "needs_review": "",
      "notes": "",
      "old_shelfmarks": "",
      "shelfmark": "T-S 12.70",
      "url": ""
    },
    "model": "corpus.fragment"
  },
  {
    "fields": {
      "collection": ["Taylor-Schechter", "Cambridge University Library"],
      "created": "2021-05-26T20:33:32.737Z",
      "iiif_url": "https://cudl.lib.cam.ac.uk/iiif/MS-TS-00013-J-00035-00003",
      "is_multifragment": false,
      "last_modified": "2021-12-20T23:02:00.240Z",
      "manifest": 2007,
      "needs_review": "",
      "notes": "",
      "old_shelfmarks": "",
      "shelfmark": "T-S 13J35.3",
      "url": "https://cudl.lib.cam.ac.uk/view/MS-TS-00013-J-00035-00003"
    },
    "model": "corpus.fragment"
  },
  {
    "fields": {
      "collection": ["", "Alliance Israélite Universelle"],
      "created": "2021-05-26T20:22:35.929Z",
      "iiif_url": "",
      "is_multifragment": false,
      "last_modified": "2021-05-26T20:22:35.929Z",
      "manifest": null,
      "needs_review": "",
      "notes": "",
      "old_shelfmarks": "",
      "shelfmark": "AIU VII.A.23",
      "url": ""
    },
    "model": "corpus.fragment"
  },
  {
    "fields": {
      "collection": ["Taylor-Schechter", "Cambridge University Library"],
      "created": "2021-05-26T20:39:38.621Z",
      "iiif_url": "",
      "is_multifragment": false,
      "last_modified": "2021-05-26T20:39:38.621Z",
      "manifest": null,
      "needs_review": "",
      "notes": "",
      "old_shelfmarks": "",
      "shelfmark": "T-S Misc.24.56",
      "url": ""
    },
    "model": "corpus.fragment"
  },
  {
    "fields": {
      "collection": ["", "Jewish Theological Seminary Library"],
      "created": "2021-05-26T20:26:10.943Z",
      "iiif_url": "https://figgy.princeton.edu/concern/scanned_resources/fd1a6b4c-c7e6-4920-bda5-2306cbb3f6e2/manifest",
      "is_multifragment": false,
      "last_modified": "2022-01-20T19:50:44.055Z",
      "manifest": 14035,
      "needs_review": "",
      "notes": "",
      "old_shelfmarks": "",
      "shelfmark": "ENA 3751.5",
      "url": ""
    },
    "model": "corpus.fragment"
  },
  {
    "fields": {
      "collection": ["Taylor-Schechter", "Cambridge University Library"],
      "created": "2021-05-26T20:32:56.668Z",
      "iiif_url": "",
      "is_multifragment": false,
      "last_modified": "2021-05-26T20:32:56.668Z",
      "manifest": null,
      "needs_review": "",
      "notes": "",
      "old_shelfmarks": "",
      "shelfmark": "T-S 13.20",
      "url": ""
    },
    "model": "corpus.fragment"
  },
  {
    "fields": {
      "collection": ["", "John Rylands Library, University of Manchester"],
      "created": "2021-05-26T20:30:20.588Z",
      "iiif_url": "",
      "is_multifragment": false,
      "last_modified": "2021-05-26T20:30:20.588Z",
      "manifest": null,
      "needs_review": "",
      "notes": "",
      "old_shelfmarks": "",
      "shelfmark": "JRL SERIES B 5446",
      "url": ""
    },
    "model": "corpus.fragment"
  },
  {
    "fields": {
      "collection": ["", "Jewish Theological Seminary Library"],
      "created": "2021-05-26T20:27:00.792Z",
      "iiif_url": "https://figgy.princeton.edu/concern/scanned_resources/40be59a7-e77c-4534-8e87-c0137c7789c8/manifest",
      "is_multifragment": false,
      "last_modified": "2022-01-20T19:40:42.838Z",
      "manifest": 12331,
      "needs_review": "",
      "notes": "",
      "old_shelfmarks": "",
      "shelfmark": "ENA 4045.2",
      "url": ""
    },
    "model": "corpus.fragment"
  },
  {
    "fields": {
      "collection": ["Taylor-Schechter", "Cambridge University Library"],
      "created": "2021-05-26T20:39:06.304Z",
      "iiif_url": "",
      "is_multifragment": false,
      "last_modified": "2021-05-26T20:39:06.304Z",
      "manifest": null,
      "needs_review": "",
      "notes": "",
      "old_shelfmarks": "",
      "shelfmark": "T-S F13.1",
      "url": ""
    },
    "model": "corpus.fragment"
  },
  {
    "fields": {
      "collection": ["Taylor-Schechter", "Cambridge University Library"],
      "created": "2021-05-26T20:39:06.097Z",
      "iiif_url": "",
      "is_multifragment": false,
      "last_modified": "2021-12-27T22:07:30.130Z",
      "manifest": null,
      "needs_review": "",
      "notes": "",
      "old_shelfmarks": "",
      "shelfmark": "T-S C2.209",
      "url": "https://drive.google.com/file/d/0B2W9ljYaFP4mQzZBZmlsU2RwclE/view?usp=sharing"
    },
    "model": "corpus.fragment"
  },
  {
    "fields": {
      "collection": ["Taylor-Schechter", "Cambridge University Library"],
      "created": "2021-05-26T20:36:42.319Z",
      "iiif_url": "https://cudl.lib.cam.ac.uk/iiif/MS-TS-AS-00135-00053",
      "is_multifragment": false,
      "last_modified": "2021-12-20T23:07:45.779Z",
      "manifest": 5903,
      "needs_review": "",
      "notes": "",
      "old_shelfmarks": "",
      "shelfmark": "T-S AS 135.53",
      "url": "https://cudl.lib.cam.ac.uk/view/MS-TS-AS-00135-00053"
    },
    "model": "corpus.fragment"
  },
  {
    "fields": {
      "collection": ["Taylor-Schechter", "Cambridge University Library"],
      "created": "2021-05-26T20:35:36.362Z",
      "iiif_url": "https://cudl.lib.cam.ac.uk/iiif/MS-TS-AR-00030-00129",
      "is_multifragment": false,
      "last_modified": "2021-12-20T23:07:05.183Z",
      "manifest": 78,
      "needs_review": "",
      "notes": "",
      "old_shelfmarks": "",
      "shelfmark": "T-S Ar.30.129",
      "url": "https://cudl.lib.cam.ac.uk/view/MS-TS-AR-00030-00129"
    },
    "model": "corpus.fragment"
  },
  {
    "fields": {
      "collection": ["Taylor-Schechter", "Cambridge University Library"],
      "created": "2021-05-26T20:35:34.125Z",
      "iiif_url": "",
      "is_multifragment": false,
      "last_modified": "2021-05-26T20:35:34.125Z",
      "manifest": null,
      "needs_review": "",
      "notes": "",
      "old_shelfmarks": "",
      "shelfmark": "T-S Ar.22.140",
      "url": ""
    },
    "model": "corpus.fragment"
  },
  {
    "fields": {
      "collection": ["Taylor-Schechter", "Cambridge University Library"],
      "created": "2021-05-26T20:33:59.391Z",
      "iiif_url": "https://cudl.lib.cam.ac.uk/iiif/MS-TS-00018-J-00001-00001",
      "is_multifragment": false,
      "last_modified": "2021-12-20T23:03:58.431Z",
      "manifest": 6885,
      "needs_review": "",
      "notes": "",
      "old_shelfmarks": "",
      "shelfmark": "T-S 18J1.1",
      "url": "https://cudl.lib.cam.ac.uk/view/MS-TS-00018-J-00001-00001"
    },
    "model": "corpus.fragment"
  },
  {
    "fields": {
      "collection": ["Taylor-Schechter", "Cambridge University Library"],
      "created": "2021-05-26T20:32:06.359Z",
      "iiif_url": "https://cudl.lib.cam.ac.uk/iiif/MS-TS-00010-J-00022-00006",
      "is_multifragment": false,
      "last_modified": "2021-12-20T22:56:16.792Z",
      "manifest": 1311,
      "needs_review": "",
      "notes": "",
      "old_shelfmarks": "",
      "shelfmark": "T-S 10J22.6",
      "url": "https://cudl.lib.cam.ac.uk/view/MS-TS-00010-J-00022-00006"
    },
    "model": "corpus.fragment"
  },
  {
    "fields": {
      "collection": ["Taylor-Schechter", "Cambridge University Library"],
      "created": "2021-05-26T20:31:49.819Z",
      "iiif_url": "https://cudl.lib.cam.ac.uk/iiif/MS-TS-00010-J-00012-00016",
      "is_multifragment": false,
      "last_modified": "2021-12-20T22:55:05.026Z",
      "manifest": 2409,
      "needs_review": "",
      "notes": "",
      "old_shelfmarks": "",
      "shelfmark": "T-S 10J12.16",
      "url": "https://cudl.lib.cam.ac.uk/view/MS-TS-00010-J-00012-00016/1"
    },
    "model": "corpus.fragment"
  },
  {
    "fields": {
      "collection": ["Former Sassoon collection", "Various"],
      "created": "2021-05-26T20:31:43.345Z",
      "iiif_url": "",
      "is_multifragment": false,
      "last_modified": "2021-05-26T20:31:43.345Z",
      "manifest": null,
      "needs_review": "",
      "notes": "",
      "old_shelfmarks": "",
      "shelfmark": "Sassoon 1055b",
      "url": ""
    },
    "model": "corpus.fragment"
  },
  {
    "fields": {
      "collection": ["", "Firestone Library, Princeton University"],
      "created": "2021-05-26T20:31:42.923Z",
      "iiif_url": "",
      "is_multifragment": false,
      "last_modified": "2021-05-26T20:31:42.923Z",
      "manifest": null,
      "needs_review": "",
      "notes": "",
      "old_shelfmarks": "",
      "shelfmark": "Princeton, no shelfmark (Michaelides 26)",
      "url": ""
    },
    "model": "corpus.fragment"
  },
  {
    "fields": {
      "collection": ["", "Firestone Library, Princeton University"],
      "created": "2021-05-26T20:31:42.719Z",
      "iiif_url": "",
      "is_multifragment": false,
      "last_modified": "2021-05-26T20:31:42.719Z",
      "manifest": null,
      "needs_review": "",
      "notes": "",
      "old_shelfmarks": "Halper 338",
      "shelfmark": "Princeton, No ShelfMark",
      "url": ""
    },
    "model": "corpus.fragment"
  },
  {
    "fields": {
      "collection": ["", "Firestone Library, Princeton University"],
      "created": "2021-05-26T20:31:42.049Z",
      "iiif_url": "",
      "is_multifragment": false,
      "last_modified": "2021-05-26T20:31:42.049Z",
      "manifest": null,
      "needs_review": "",
      "notes": "",
      "old_shelfmarks": "",
      "shelfmark": "Princeton, Islamic Manuscripts, Garrett Additional 20.1 (photo 20 in PUDL)",
      "url": ""
    },
    "model": "corpus.fragment"
  },
  {
    "fields": {
      "collection": ["Mosseri", "Cambridge University Library"],
      "created": "2021-05-26T20:30:58.842Z",
      "iiif_url": "",
      "is_multifragment": false,
      "last_modified": "2021-05-26T20:30:58.842Z",
      "manifest": null,
      "needs_review": "",
      "notes": "",
      "old_shelfmarks": "",
      "shelfmark": "Moss. III,212.2",
      "url": ""
    },
    "model": "corpus.fragment"
  },
  {
    "fields": {
      "collection": ["", "John Rylands Library, University of Manchester"],
      "created": "2021-05-26T20:30:28.471Z",
      "iiif_url": "",
      "is_multifragment": false,
      "last_modified": "2021-05-26T20:30:28.471Z",
      "manifest": null,
      "needs_review": "",
      "notes": "",
      "old_shelfmarks": "",
      "shelfmark": "JRL SERIES C 162",
      "url": ""
    },
    "model": "corpus.fragment"
  },
  {
    "fields": {
      "collection": ["", "John Rylands Library, University of Manchester"],
      "created": "2021-05-26T20:30:26.637Z",
      "iiif_url": "",
      "is_multifragment": false,
      "last_modified": "2021-05-26T20:30:26.637Z",
      "manifest": null,
      "needs_review": "",
      "notes": "",
      "old_shelfmarks": "",
      "shelfmark": "JRL SERIES C 100",
      "url": ""
    },
    "model": "corpus.fragment"
  },
  {
    "fields": {
      "collection": ["", "University of Mainz"],
      "created": "2021-05-26T20:30:40.673Z",
      "iiif_url": "",
      "is_multifragment": false,
      "last_modified": "2021-12-27T21:56:33.986Z",
      "manifest": null,
      "needs_review": "",
      "notes": "",
      "old_shelfmarks": "",
      "shelfmark": "Mainz MS 2",
      "url": ""
    },
    "model": "corpus.fragment"
  },
  {
    "fields": {
      "collection": [
        "",
        "Freer Gallery of Art, Athur M. Sackler Gallery, Smithsonian Institution"
      ],
      "created": "2021-05-26T20:29:23.003Z",
      "iiif_url": "",
      "is_multifragment": false,
      "last_modified": "2021-05-26T20:29:23.003Z",
      "manifest": null,
      "needs_review": "",
      "notes": "",
      "old_shelfmarks": "",
      "shelfmark": "F1908.44S",
      "url": ""
    },
    "model": "corpus.fragment"
  },
  {
    "fields": {
      "collection": ["Taylor-Schechter", "Cambridge University Library"],
      "created": "2021-05-26T20:35:42.503Z",
      "iiif_url": "https://cudl.lib.cam.ac.uk/iiif/MS-TS-AR-00030-00245",
      "is_multifragment": false,
      "last_modified": "2021-12-20T23:07:07.123Z",
      "manifest": 6750,
      "needs_review": "",
      "notes": "",
      "old_shelfmarks": "",
      "shelfmark": "T-S Ar.30.245",
      "url": "https://cudl.lib.cam.ac.uk/view/MS-TS-AR-00030-00245/1"
    },
    "model": "corpus.fragment"
  },
  {
    "fields": {
      "collection": ["Taylor-Schechter", "Cambridge University Library"],
      "created": "2021-05-26T20:35:48.798Z",
      "iiif_url": "",
      "is_multifragment": false,
      "last_modified": "2021-05-26T20:35:48.798Z",
      "manifest": null,
      "needs_review": "",
      "notes": "",
      "old_shelfmarks": "",
      "shelfmark": "T-S Ar.31.58",
      "url": ""
    },
    "model": "corpus.fragment"
  },
  {
    "fields": {
      "collection": ["", "Jewish Theological Seminary Library"],
      "created": "2021-05-26T20:25:28.075Z",
      "iiif_url": "https://figgy.princeton.edu/concern/scanned_resources/12a80dcc-1433-4230-9677-e3a83c4880cd/manifest",
      "is_multifragment": false,
      "last_modified": "2022-01-20T19:31:23.068Z",
      "manifest": 10608,
      "needs_review": "",
      "notes": "",
      "old_shelfmarks": "",
      "shelfmark": "ENA 2697.9",
      "url": ""
    },
    "model": "corpus.fragment"
  },
  {
    "fields": {
      "collection": [
        "Elkan Nathan Adler",
        "Jewish Theological Seminary Library"
      ],
      "created": "2021-05-26T20:25:27.994Z",
      "iiif_url": "https://figgy.princeton.edu/concern/scanned_resources/50a29467-9298-4e4e-994d-9064dd7de49e/manifest",
      "is_multifragment": false,
      "last_modified": "2022-01-20T19:31:22.762Z",
      "manifest": 10607,
      "needs_review": "",
      "notes": "",
      "old_shelfmarks": "",
      "shelfmark": "ENA 2697.8",
      "url": ""
    },
    "model": "corpus.fragment"
  },
  {
    "fields": {
      "collection": ["", "Jewish Theological Seminary Library"],
      "created": "2021-05-26T20:25:13.957Z",
      "iiif_url": "https://figgy.princeton.edu/concern/scanned_resources/c3441638-b22f-46b7-b6a9-1301f6155c3e/manifest",
      "is_multifragment": false,
      "last_modified": "2022-01-20T19:35:32.588Z",
      "manifest": 11360,
      "needs_review": "",
      "notes": "",
      "old_shelfmarks": "",
      "shelfmark": "ENA 2209.12",
      "url": ""
    },
    "model": "corpus.fragment"
  },
  {
    "fields": {
      "collection": ["Oriental Manuscripts", "Cambridge University Library"],
      "created": "2021-05-26T20:24:25.452Z",
      "iiif_url": "https://cudl.lib.cam.ac.uk/iiif/MS-OR-01080-00001-00064",
      "is_multifragment": false,
      "last_modified": "2021-12-20T22:53:42.289Z",
      "manifest": 5809,
      "needs_review": "",
      "notes": "",
      "old_shelfmarks": "",
      "shelfmark": "CUL Or.1080 1.64",
      "url": "https://cudl.lib.cam.ac.uk/view/MS-OR-01080-00001-00064"
    },
    "model": "corpus.fragment"
  },
  {
    "fields": {
      "collection": ["", "Bodleian Library"],
      "created": "2021-05-26T20:23:54.772Z",
      "iiif_url": "",
      "is_multifragment": false,
      "last_modified": "2021-05-26T20:23:54.772Z",
      "manifest": null,
      "needs_review": "",
      "notes": "",
      "old_shelfmarks": "",
      "shelfmark": "Bodl. MS heb. d 65/17",
      "url": ""
    },
    "model": "corpus.fragment"
  },
  {
    "fields": {
      "collection": ["", "Bodleian Library"],
      "created": "2021-05-26T20:24:21.399Z",
      "iiif_url": "",
      "is_multifragment": false,
      "last_modified": "2021-05-26T20:24:21.399Z",
      "manifest": null,
      "needs_review": "",
      "notes": "",
      "old_shelfmarks": "",
      "shelfmark": "Bodl. MS heb. f 58/18",
      "url": ""
    },
    "model": "corpus.fragment"
  },
  {
    "fields": {
      "collection": ["", "Alliance Israélite Universelle"],
      "created": "2021-05-26T20:22:51.379Z",
      "iiif_url": "",
      "is_multifragment": false,
      "last_modified": "2021-05-26T20:22:51.379Z",
      "manifest": null,
      "needs_review": "",
      "notes": "",
      "old_shelfmarks": "",
      "shelfmark": "AIU VII.F.55",
      "url": ""
    },
    "model": "corpus.fragment"
  },
  {
    "fields": {
      "collection": ["", "Alliance Israélite Universelle"],
      "created": "2021-05-26T20:22:51.355Z",
      "iiif_url": "",
      "is_multifragment": false,
      "last_modified": "2021-05-26T20:22:51.356Z",
      "manifest": null,
      "needs_review": "",
      "notes": "",
      "old_shelfmarks": "",
      "shelfmark": "AIU VII.F.54",
      "url": ""
    },
    "model": "corpus.fragment"
  },
  {
    "fields": {
      "collection": ["", "Bodleian Library"],
      "created": "2021-05-26T20:23:41.345Z",
      "iiif_url": "",
      "is_multifragment": false,
      "last_modified": "2021-05-26T20:23:41.345Z",
      "manifest": null,
      "needs_review": "",
      "notes": "",
      "old_shelfmarks": "",
      "shelfmark": "Bodl. MS heb. b 3/13",
      "url": ""
    },
    "model": "corpus.fragment"
  },
  {
    "fields": {
      "collection": ["", "Alliance Israélite Universelle"],
      "created": "2021-05-26T20:22:38.644Z",
      "iiif_url": "",
      "is_multifragment": false,
      "last_modified": "2021-05-26T20:22:38.644Z",
      "manifest": null,
      "needs_review": "",
      "notes": "",
      "old_shelfmarks": "",
      "shelfmark": "AIU VII.D.34",
      "url": ""
    },
    "model": "corpus.fragment"
  },
  {
    "fields": {
      "collection": ["", "Alliance Israélite Universelle"],
      "created": "2021-05-26T20:22:34.961Z",
      "iiif_url": "",
      "is_multifragment": false,
      "last_modified": "2021-05-26T20:22:34.961Z",
      "manifest": null,
      "needs_review": "",
      "notes": "",
      "old_shelfmarks": "",
      "shelfmark": "AIU VI.C.10",
      "url": ""
    },
    "model": "corpus.fragment"
  },
  {
    "fields": {
      "collection": ["", "Alliance Israélite Universelle"],
      "created": "2021-05-26T20:22:33.785Z",
      "iiif_url": "",
      "is_multifragment": false,
      "last_modified": "2021-05-26T20:22:33.785Z",
      "manifest": null,
      "needs_review": "",
      "notes": "",
      "old_shelfmarks": "",
      "shelfmark": "AIU VI.B.35",
      "url": ""
    },
    "model": "corpus.fragment"
  },
  {
    "fields": {
      "created": "2021-05-26T20:24:17.570Z",
      "description": "Fragments from a copy of a letter. The writer is a person from Pumbedita (which belongs to a family of several Gaons) to a person in Spain, might be Hisdai b. Shafrut. The copy from the 11th century. Original letter from March/April 953. The letter contains important details about the connections with Spain, as well as about main figures in the Iraqi yeshiva. Mentions the head of the Gola – Shlomo b. Yisha’ayahu. (Gil, Kingdom, vol. 2, Doc. #13) VMR",
      "description_ar": null,
      "description_en": "Fragments from a copy of a letter. The writer is a person from Pumbedita (which belongs to a family of several Gaons) to a person in Spain, might be Hisdai b. Shafrut. The copy from the 11th century. Original letter from March/April 953. The letter contains important details about the connections with Spain, as well as about main figures in the Iraqi yeshiva. Mentions the head of the Gola – Shlomo b. Yisha’ayahu. (Gil, Kingdom, vol. 2, Doc. #13) VMR",
      "description_he": null,
      "doc_date_calendar": "",
      "doc_date_original": "",
      "doc_date_standard": "",
      "doctype": ["Letter"],
      "language_note": "",
      "languages": [],
      "last_modified": "2021-12-23T14:51:28.716Z",
      "needs_review": "",
      "notes": "",
      "old_pgpids": "[\"5627\", \"5628\", \"5629\", \"5630\", \"5631\"]",
      "secondary_languages": [],
      "shelfmark_override": "",
      "status": "P"
    },
    "model": "corpus.document",
    "pk": 5626
  },
  {
    "fields": {
      "created": "2021-05-26T20:36:31.954Z",
      "description": "Letter in the hand of Yehuda b. Ṭoviyyahu (muqaddam of Bilbays, active 1170s–1219). In Judaeo-Arabic. Containing a complaint about illness. The purpose seems to be that the writer is unable to support a Ḥaver who came to stay with him. “[I was] constrained by my great expenses for medicines and chickens… An illness came upon me, on top of my chronic illness: shortness of breath and fever...” Mentions the boy Abu l-Bayan and al-Shaykh al-Muhadhdhab. Cites Berakhot 3b: “A handful cannot satisfy a lion, nor can a pit be filled up with its own clods.” Information from Goitein’s note cards. Goitein read the word farrūj as surūj (meaning lamps -\"perhaps he stayed up at night\"), but see, for instance, Halper 410 and DK 238.3 for the formula \"the medicine and the chicken.\" Regards to \"our rabbi Avraham (Maimonides)\" in the margin. AA. ASE.",
      "description_ar": null,
      "description_en": "Letter in the hand of Yehuda b. Ṭoviyyahu (muqaddam of Bilbays, active 1170s–1219). In Judaeo-Arabic. Containing a complaint about illness. The purpose seems to be that the writer is unable to support a Ḥaver who came to stay with him. “[I was] constrained by my great expenses for medicines and chickens… An illness came upon me, on top of my chronic illness: shortness of breath and fever...” Mentions the boy Abu l-Bayan and al-Shaykh al-Muhadhdhab. Cites Berakhot 3b: “A handful cannot satisfy a lion, nor can a pit be filled up with its own clods.” Information from Goitein’s note cards. Goitein read the word farrūj as surūj (meaning lamps -\"perhaps he stayed up at night\"), but see, for instance, Halper 410 and DK 238.3 for the formula \"the medicine and the chicken.\" Regards to \"our rabbi Avraham (Maimonides)\" in the margin. AA. ASE.",
      "description_he": null,
      "doc_date_calendar": "",
      "doc_date_original": "",
      "doc_date_standard": "",
      "doctype": ["Letter"],
      "language_note": "",
      "languages": [
        ["Hebrew", "Hebrew"],
        ["Judaeo-Arabic", "Hebrew"]
      ],
      "last_modified": "2021-10-25T19:52:19.682Z",
      "needs_review": "",
      "notes": "",
      "old_pgpids": null,
      "secondary_languages": [],
      "shelfmark_override": "",
      "status": "P"
    },
    "model": "corpus.document",
    "pk": 8151
  },
  {
    "fields": {
      "created": "2021-05-26T20:35:19.784Z",
      "description": "Inventory of the estate of a wealthy goldsmith, Abu Yaʿqub, dated Elul 1425 (=August, 1114 CE) and consisting of dinars in bankers’ notes, gold cash, and in bars of precious metals; various vessels, two female slaves, and promissory notes are also referenced. The document was written by Ḥalfon b. Manasse and sealed by the rabbinic court on the day of Abu Yaʿqub’s death. Before any shares were distributed to the heirs, the widow received the “deferred installment” due to her according to her marriage contract, in this case 75 dinars. (S. D. Goitein, Mediterranean Society 5:168-70, 549, 533; and Goitein’s index cards) EMS",
      "description_ar": null,
      "description_en": "Inventory of the estate of a wealthy goldsmith, Abu Yaʿqub, dated Elul 1425 (=August, 1114 CE) and consisting of dinars in bankers’ notes, gold cash, and in bars of precious metals; various vessels, two female slaves, and promissory notes are also referenced. The document was written by Ḥalfon b. Manasse and sealed by the rabbinic court on the day of Abu Yaʿqub’s death. Before any shares were distributed to the heirs, the widow received the “deferred installment” due to her according to her marriage contract, in this case 75 dinars. (S. D. Goitein, Mediterranean Society 5:168-70, 549, 533; and Goitein’s index cards) EMS",
      "description_he": null,
      "doc_date_calendar": "",
      "doc_date_original": "",
      "doc_date_standard": "",
      "doctype": ["Legal"],
      "language_note": "",
      "languages": [],
      "last_modified": "2021-12-23T15:35:59.615Z",
      "needs_review": "",
      "notes": "",
      "old_pgpids": "[\"2143\", \"2144\", \"2145\"]",
      "secondary_languages": [],
      "shelfmark_override": "",
      "status": "P"
    },
    "model": "corpus.document",
    "pk": 2142
  },
  {
    "fields": {
      "created": "2021-09-16T13:31:26.262Z",
      "description": "",
      "description_ar": null,
      "description_en": "",
      "description_he": null,
      "doc_date_calendar": "",
      "doc_date_original": "",
      "doc_date_standard": "",
      "doctype": null,
      "language_note": "",
      "languages": [],
      "last_modified": "2021-09-16T13:31:26.262Z",
      "needs_review": "",
      "notes": "",
      "old_pgpids": null,
      "secondary_languages": [],
      "shelfmark_override": "",
      "status": "P"
    },
    "model": "corpus.document",
    "pk": 34373
  },
  {
    "fields": {
      "created": "2021-08-14T18:22:39.097Z",
      "description": "Duplicate, see PGPID 34178",
      "description_ar": null,
      "description_en": "Duplicate, see PGPID 34178",
      "description_he": null,
      "doc_date_calendar": "",
      "doc_date_original": "",
      "doc_date_standard": "",
      "doctype": null,
      "language_note": "",
      "languages": [],
      "last_modified": "2021-11-08T21:32:36.686Z",
      "needs_review": "delete or merge",
      "notes": "",
      "old_pgpids": null,
      "secondary_languages": [],
      "shelfmark_override": "",
      "status": "S"
    },
    "model": "corpus.document",
    "pk": 34177
  },
  {
    "fields": {
      "created": "2021-05-26T20:33:59.835Z",
      "description": "Deed of sale in Arabic script, written by Avraham b. Natan b. Avraham. Sitt al-Aqran sells her female slave Naʿīm to Sitt al-Munā, the widow of Nahray b. Nissim, for 20 dinars. Dated Kislev 1420/ November 1107. (Gil, Kingdom, Vol. 2, 918)",
      "description_ar": null,
      "description_en": "Deed of sale in Arabic script, written by Avraham b. Natan b. Avraham. Sitt al-Aqran sells her female slave Naʿīm to Sitt al-Munā, the widow of Nahray b. Nissim, for 20 dinars. Dated Kislev 1420/ November 1107. (Gil, Kingdom, Vol. 2, 918)",
      "description_he": null,
      "doc_date_calendar": "",
      "doc_date_original": "",
      "doc_date_standard": "",
      "doctype": ["Legal"],
      "language_note": "",
      "languages": [],
      "last_modified": "2021-07-22T20:02:56.822Z",
      "needs_review": "",
      "notes": "Look for Goitein scan in this folder: https://drive.google.com/drive/folders/1ZAWSK3ILoRyll0FafU61V5zdccx0CgaP?usp=sharing",
      "old_pgpids": null,
      "secondary_languages": [],
      "shelfmark_override": "",
      "status": "P"
    },
    "model": "corpus.document",
    "pk": 3504
  },
  {
    "fields": {
      "created": "2021-05-26T20:32:52.123Z",
      "description": "Bill of divorce, Qaraite. In Hebrew. T-S 12.54 and T-S 12.70 are two very rare examples of Qaraite bills of divorce. Husband: ʿAmmār al-Khāṭirī. Witnesses: Yefet Kohen b. ʿEli; Mevorakh b. Yehuda ha-Levi.",
      "description_ar": null,
      "description_en": "Bill of divorce, Qaraite. In Hebrew. T-S 12.54 and T-S 12.70 are two very rare examples of Qaraite bills of divorce. Husband: ʿAmmār al-Khāṭirī. Witnesses: Yefet Kohen b. ʿEli; Mevorakh b. Yehuda ha-Levi.",
      "description_he": null,
      "doc_date_calendar": "",
      "doc_date_original": "",
      "doc_date_standard": "",
      "doctype": ["Legal"],
      "language_note": "",
      "languages": [["Hebrew", "Hebrew"]],
      "last_modified": "2022-01-04T17:58:40.313Z",
      "needs_review": "",
      "notes": "Look for Goitein scan in this folder: https://drive.google.com/drive/folders/1ZAWSK3ILoRyll0FafU61V5zdccx0CgaP?usp=sharing",
      "old_pgpids": null,
      "secondary_languages": [],
      "shelfmark_override": "",
      "status": "P"
    },
    "model": "corpus.document",
    "pk": 9469
  },
  {
    "fields": {
      "created": "2021-05-26T20:22:35.932Z",
      "description": "Fragment of a draft letter in the name of the community of Fustat regarding the imposition of an excommunication, ca. 1035.",
      "description_ar": null,
      "description_en": "Fragment of a draft letter in the name of the community of Fustat regarding the imposition of an excommunication, ca. 1035.",
      "description_he": null,
      "doc_date_calendar": "",
      "doc_date_original": "",
      "doc_date_standard": "",
      "doctype": ["Letter"],
      "language_note": "",
      "languages": [["Judaeo-Arabic", "Hebrew"]],
      "last_modified": "2021-06-18T16:46:10.837Z",
      "needs_review": "",
      "notes": "Look for Goitein scan in this folder: https://drive.google.com/drive/folders/1ZAWSK3ILoRyll0FafU61V5zdccx0CgaP?usp=sharing",
      "old_pgpids": null,
      "secondary_languages": [],
      "shelfmark_override": "",
      "status": "P"
    },
    "model": "corpus.document",
    "pk": 444
  },
  {
    "fields": {
      "created": "2021-05-26T20:39:38.626Z",
      "description": "Letter fragment in Judaeo-Arabic. Quite faded. Mentions that all slaughtering in Damsīs has been put on hold; asks the addressee to obtain a fatwā in response to some query; mentions Ibn al-Munajjim; mentions an illness. ",
      "description_ar": null,
      "description_en": "Letter fragment in Judaeo-Arabic. Quite faded. Mentions that all slaughtering in Damsīs has been put on hold; asks the addressee to obtain a fatwā in response to some query; mentions Ibn al-Munajjim; mentions an illness. ",
      "description_he": null,
      "doc_date_calendar": "",
      "doc_date_original": "",
      "doc_date_standard": "",
      "doctype": ["Letter"],
      "language_note": "",
      "languages": [["Judaeo-Arabic", "Hebrew"]],
      "last_modified": "2021-05-26T20:39:38.626Z",
      "needs_review": "",
      "notes": "",
      "old_pgpids": null,
      "secondary_languages": [],
      "shelfmark_override": "",
      "status": "P"
    },
    "model": "corpus.document",
    "pk": 23342
  },
  {
    "fields": {
      "created": "2021-05-26T20:39:06.101Z",
      "description": "Fatimid decree from the chancery  of al-Ḥākim, al-Ẓāhir or al-Mustanṣir to an official in Egypt regarding a dispute over irrigation canals and access to water — insofar as one can judge. Left half of lines only, about 1.3 meters of what was once a much longer decree. Verso: Efrayim b. Shemarya uses and reworks passages from the Sheʾiltot for a sermon. Top of rotulus is headed Shabbat Bereishit. Join: Roni Shweka (bottom six fragments) and Rebecca Sebbagh (top fragment). Before 1055. See also Mosseri VI.17.12, which may belong to the left side of this decree. (MR)",
      "description_ar": null,
      "description_en": "Fatimid decree from the chancery  of al-Ḥākim, al-Ẓāhir or al-Mustanṣir to an official in Egypt regarding a dispute over irrigation canals and access to water — insofar as one can judge. Left half of lines only, about 1.3 meters of what was once a much longer decree. Verso: Efrayim b. Shemarya uses and reworks passages from the Sheʾiltot for a sermon. Top of rotulus is headed Shabbat Bereishit. Join: Roni Shweka (bottom six fragments) and Rebecca Sebbagh (top fragment). Before 1055. See also Mosseri VI.17.12, which may belong to the left side of this decree. (MR)",
      "description_he": null,
      "doc_date_calendar": "",
      "doc_date_original": "",
      "doc_date_standard": "",
      "doctype": ["State"],
      "language_note": "",
      "languages": [],
      "last_modified": "2021-07-06T18:18:53.799Z",
      "needs_review": "",
      "notes": "DIMME notes: Jacob Mann, JQR 15 (1924) 380-382; 366 (on reverse materials?)",
      "old_pgpids": null,
      "secondary_languages": [],
      "shelfmark_override": "",
      "status": "P"
    },
    "model": "corpus.document",
    "pk": 30851
  },
  {
    "fields": {
      "created": "2021-05-26T20:36:42.322Z",
      "description": "Recto: part of a letter in Arabic. Verso: unidentified text in Hebrew characters. (Information from CUDL)",
      "description_ar": null,
      "description_en": "Recto: part of a letter in Arabic. Verso: unidentified text in Hebrew characters. (Information from CUDL)",
      "description_he": null,
      "doc_date_calendar": "",
      "doc_date_original": "",
      "doc_date_standard": "",
      "doctype": ["Letter"],
      "language_note": "",
      "languages": [["Arabic", "Arabic"]],
      "last_modified": "2021-05-26T20:36:42.322Z",
      "needs_review": "",
      "notes": "",
      "old_pgpids": null,
      "secondary_languages": [["Hebrew", "Hebrew"]],
      "shelfmark_override": "",
      "status": "P"
    },
    "model": "corpus.document",
    "pk": 29181
  },
  {
    "fields": {
      "created": "2021-05-26T20:35:42.506Z",
      "description": "State document: end of report with ḥasbala, but then another line with name and title of al-Mustanṣir. See separate record (PGPID 30818).",
      "description_ar": null,
      "description_en": "State document: end of report with ḥasbala, but then another line with name and title of al-Mustanṣir. See separate record (PGPID 30818).",
      "description_he": null,
      "doc_date_calendar": "",
      "doc_date_original": "",
      "doc_date_standard": "",
      "doctype": ["State"],
      "language_note": "",
      "languages": [],
      "last_modified": "2021-05-26T20:35:42.506Z",
      "needs_review": "",
      "notes": "DIMME notes: Serial recycler #3 Rustow, Lost Archive",
      "old_pgpids": null,
      "secondary_languages": [],
      "shelfmark_override": "",
      "status": "P"
    },
    "model": "corpus.document",
    "pk": 30825
  },
  {
    "fields": {
      "created": "2021-05-26T20:35:36.367Z",
      "description": "List of sums owed to or by a teacher, including 2.5 dirhams per weeks for teaching a son or orphan. (Information from Goitein's index cards) EMS",
      "description_ar": null,
      "description_en": "List of sums owed to or by a teacher, including 2.5 dirhams per weeks for teaching a son or orphan. (Information from Goitein's index cards) EMS",
      "description_he": null,
      "doc_date_calendar": "",
      "doc_date_original": "",
      "doc_date_standard": "",
      "doctype": ["List or table"],
      "language_note": "",
      "languages": [],
      "last_modified": "2021-05-26T20:35:36.367Z",
      "needs_review": "",
      "notes": "",
      "old_pgpids": null,
      "secondary_languages": [],
      "shelfmark_override": "",
      "status": "P"
    },
    "model": "corpus.document",
    "pk": 3879
  },
  {
    "fields": {
      "created": "2021-05-26T20:35:34.129Z",
      "description": "Recto: Letter or petition to a Fatimid vizier of the 5th/11th century. Possible join with T-S K25.221 (Khan, Arabic Legal and Administrative Documents in the Cambridge Genizah Collections, doc. 72), which uses the same titulature. Reuse: Judaeo-Arabic commentary on Isaiah 54:1 and 1 Samuel 1:11",
      "description_ar": null,
      "description_en": "Recto: Letter or petition to a Fatimid vizier of the 5th/11th century. Possible join with T-S K25.221 (Khan, Arabic Legal and Administrative Documents in the Cambridge Genizah Collections, doc. 72), which uses the same titulature. Reuse: Judaeo-Arabic commentary on Isaiah 54:1 and 1 Samuel 1:11",
      "description_he": null,
      "doc_date_calendar": "",
      "doc_date_original": "",
      "doc_date_standard": "",
      "doctype": ["State"],
      "language_note": "",
      "languages": [["Arabic", "Arabic"]],
      "last_modified": "2021-05-26T20:35:34.129Z",
      "needs_review": "",
      "notes": "",
      "old_pgpids": null,
      "secondary_languages": [],
      "shelfmark_override": "",
      "status": "P"
    },
    "model": "corpus.document",
    "pk": 30824
  },
  {
    "fields": {
      "created": "2021-05-26T20:33:59.395Z",
      "description": "Letter, probably from Damascus, in which fifteen elders admonish a community in another country to bring to court a merchant against whom a widow held no fewer then twenty documents of indebtedness. His claims against the orphans of Ibn Saba had to be dealt with separately. Dated 10th century.",
      "description_ar": null,
      "description_en": "Letter, probably from Damascus, in which fifteen elders admonish a community in another country to bring to court a merchant against whom a widow held no fewer then twenty documents of indebtedness. His claims against the orphans of Ibn Saba had to be dealt with separately. Dated 10th century.",
      "description_he": null,
      "doc_date_calendar": "",
      "doc_date_original": "",
      "doc_date_standard": "",
      "doctype": ["Letter"],
      "language_note": "",
      "languages": [["Judaeo-Arabic", "Hebrew"]],
      "last_modified": "2022-01-05T02:54:58.029Z",
      "needs_review": "",
      "notes": "Look for Goitein scan in this folder: https://drive.google.com/drive/folders/1ZAWSK3ILoRyll0FafU61V5zdccx0CgaP?usp=sharing",
      "old_pgpids": null,
      "secondary_languages": [],
      "shelfmark_override": "",
      "status": "P"
    },
    "model": "corpus.document",
    "pk": 3497
  },
  {
    "fields": {
      "created": "2021-05-26T20:32:06.363Z",
      "description": "Astrological instructions for a doctor regarding how to know the illness of a patient by using the constellation of the stars at the time of the visit. (Information from Goitein's index cards)",
      "description_ar": null,
      "description_en": "Astrological instructions for a doctor regarding how to know the illness of a patient by using the constellation of the stars at the time of the visit. (Information from Goitein's index cards)",
      "description_he": null,
      "doc_date_calendar": "",
      "doc_date_original": "",
      "doc_date_standard": "",
      "doctype": ["Paraliterary"],
      "language_note": "",
      "languages": [],
      "last_modified": "2021-05-26T20:32:06.363Z",
      "needs_review": "",
      "notes": "",
      "old_pgpids": null,
      "secondary_languages": [],
      "shelfmark_override": "",
      "status": "P"
    },
    "model": "corpus.document",
    "pk": 2969
  },
  {
    "fields": {
      "created": "2021-05-26T20:31:49.823Z",
      "description": "Letter from a woman, in Fustat, to her son Abū l-Maḥāsin, in Funduq al-Qamra, Alexandria. Dictated to Abū Manṣūr. Likely belongs with T-S 10J19.26, in which case the writer of this letter is Sitt Ghazāl bt. Abū ʿUmar. She expresses the anxiety (nār) that afflicts her heart on his behalf ever since his departure on Friday. She has been having nightmares and insomnia, and fears that if he does not return quickly, she will be completely blind by the time he returns. (It is also possible that the phrase \"yatlaf baṣarī\" refers to death instead of going blind; compare \"wafāt ʿaynak\" in T-S 10J12.14.) She urges him not to drink wine \"on account of your illness. . . May God protect us from illness while separated (al-maraḍ fī l-ghurba). . . If my night visions are distressing to me, how [much the worse] if I should see them while awake.\" The last sentence is ambiguous: either she fears that nightmares can afflict a blind person at all hours, or she fears that her visions of terrible things happening to her son will become realities. She requests that he bring various goods back with him: a large bowl (qaṣʿa), a linen cloth (? shīta), a good comb (mushṭ), and two spoons (milʿaqatayn), and possibly red ink (? midādun yakūnū ḥumr) for Umm Abū l-Bahā'. The scribe Abū Manṣūr interjects here (line 13), and the remainder of the letter is in his voice. He apologizes for troubling the addressee with news of illness, but the fever is still with him. He asks for news of Abū l-Waḥsh Sibāʿ, and the bible, and the book of Rabbenu Baḥye. He is very anxious to learn what his instructions are—it seems he is to copy one or both of these books for Abū l-Waḥsh—so that he is not accused of tardiness. The instructions should be delivered either to Sūq al-ʿAṭṭārīn to the shop of al-Kohen al-Siqillī, or to al-Sūq al-Kabir, to the shop of Abū l-Faraj al-Sharābī. See Mediterranean Society, IV, pp. 224–25, 260. VMR. ASE.",
      "description_ar": null,
      "description_en": "Letter from a woman, in Fustat, to her son Abū l-Maḥāsin, in Funduq al-Qamra, Alexandria. Dictated to Abū Manṣūr. Likely belongs with T-S 10J19.26, in which case the writer of this letter is Sitt Ghazāl bt. Abū ʿUmar. She expresses the anxiety (nār) that afflicts her heart on his behalf ever since his departure on Friday. She has been having nightmares and insomnia, and fears that if he does not return quickly, she will be completely blind by the time he returns. (It is also possible that the phrase \"yatlaf baṣarī\" refers to death instead of going blind; compare \"wafāt ʿaynak\" in T-S 10J12.14.) She urges him not to drink wine \"on account of your illness. . . May God protect us from illness while separated (al-maraḍ fī l-ghurba). . . If my night visions are distressing to me, how [much the worse] if I should see them while awake.\" The last sentence is ambiguous: either she fears that nightmares can afflict a blind person at all hours, or she fears that her visions of terrible things happening to her son will become realities. She requests that he bring various goods back with him: a large bowl (qaṣʿa), a linen cloth (? shīta), a good comb (mushṭ), and two spoons (milʿaqatayn), and possibly red ink (? midādun yakūnū ḥumr) for Umm Abū l-Bahā'. The scribe Abū Manṣūr interjects here (line 13), and the remainder of the letter is in his voice. He apologizes for troubling the addressee with news of illness, but the fever is still with him. He asks for news of Abū l-Waḥsh Sibāʿ, and the bible, and the book of Rabbenu Baḥye. He is very anxious to learn what his instructions are—it seems he is to copy one or both of these books for Abū l-Waḥsh—so that he is not accused of tardiness. The instructions should be delivered either to Sūq al-ʿAṭṭārīn to the shop of al-Kohen al-Siqillī, or to al-Sūq al-Kabir, to the shop of Abū l-Faraj al-Sharābī. See Mediterranean Society, IV, pp. 224–25, 260. VMR. ASE.",
      "description_he": null,
      "doc_date_calendar": "",
      "doc_date_original": "",
      "doc_date_standard": "",
      "doctype": ["Letter"],
      "language_note": "",
      "languages": [["Judaeo-Arabic", "Hebrew"]],
      "last_modified": "2021-05-26T20:31:49.823Z",
      "needs_review": "",
      "notes": "",
      "old_pgpids": null,
      "secondary_languages": [],
      "shelfmark_override": "",
      "status": "P"
    },
    "model": "corpus.document",
    "pk": 2811
  },
  {
    "fields": {
      "created": "2021-05-26T20:31:43.348Z",
      "description": "Document that is a continuation of Sassoon 1055A. Aharon al-Araki, who received a part of a house in Sana'a, sells his part to his brother Salam and his niece Badra for 150 Rial (75 for each); 1667. (Goitein, The Yemenites, 157-158) VMR",
      "description_ar": null,
      "description_en": "Document that is a continuation of Sassoon 1055A. Aharon al-Araki, who received a part of a house in Sana'a, sells his part to his brother Salam and his niece Badra for 150 Rial (75 for each); 1667. (Goitein, The Yemenites, 157-158) VMR",
      "description_he": null,
      "doc_date_calendar": "",
      "doc_date_original": "",
      "doc_date_standard": "",
      "doctype": ["Legal"],
      "language_note": "",
      "languages": [],
      "last_modified": "2021-05-26T20:31:43.348Z",
      "needs_review": "",
      "notes": "",
      "old_pgpids": null,
      "secondary_languages": [],
      "shelfmark_override": "",
      "status": "P"
    },
    "model": "corpus.document",
    "pk": 912
  },
  {
    "fields": {
      "created": "2021-05-26T20:31:42.925Z",
      "description": "Item 26 : Letter of praise addressed to a benefactor in the hopes of some financial reward. Oversize.",
      "description_ar": null,
      "description_en": "Item 26 : Letter of praise addressed to a benefactor in the hopes of some financial reward. Oversize.",
      "description_he": null,
      "doc_date_calendar": "",
      "doc_date_original": "",
      "doc_date_standard": "",
      "doctype": ["Letter"],
      "language_note": "",
      "languages": [],
      "last_modified": "2021-05-26T20:31:42.925Z",
      "needs_review": "",
      "notes": "",
      "old_pgpids": null,
      "secondary_languages": [],
      "shelfmark_override": "",
      "status": "P"
    },
    "model": "corpus.document",
    "pk": 30176
  },
  {
    "fields": {
      "created": "2021-05-26T20:31:42.722Z",
      "description": "Bill of divorce. Dated: Monday, 18 Adar 1365 Seleucid, which is 1054 CE. Location: Fustat. Husband: Yosef b. David. Wife: Khibā bt. Yosef. No witness signatures. Verso was not photographed.",
      "description_ar": null,
      "description_en": "Bill of divorce. Dated: Monday, 18 Adar 1365 Seleucid, which is 1054 CE. Location: Fustat. Husband: Yosef b. David. Wife: Khibā bt. Yosef. No witness signatures. Verso was not photographed.",
      "description_he": null,
      "doc_date_calendar": "",
      "doc_date_original": "",
      "doc_date_standard": "",
      "doctype": ["Legal"],
      "language_note": "",
      "languages": [],
      "last_modified": "2021-05-26T20:31:42.722Z",
      "needs_review": "",
      "notes": "",
      "old_pgpids": null,
      "secondary_languages": [],
      "shelfmark_override": "",
      "status": "P"
    },
    "model": "corpus.document",
    "pk": 19633
  },
  {
    "fields": {
      "created": "2021-05-26T20:31:42.052Z",
      "description": "Possibly a tax receipt or an order of payment? Two endorsements, end of Dhū l-Qaʿda of the year 403 (?) 6x8 cm, verso blank",
      "description_ar": null,
      "description_en": "Possibly a tax receipt or an order of payment? Two endorsements, end of Dhū l-Qaʿda of the year 403 (?) 6x8 cm, verso blank",
      "description_he": null,
      "doc_date_calendar": "",
      "doc_date_original": "",
      "doc_date_standard": "",
      "doctype": ["State"],
      "language_note": "",
      "languages": [],
      "last_modified": "2021-05-26T20:31:42.052Z",
      "needs_review": "",
      "notes": "",
      "old_pgpids": null,
      "secondary_languages": [],
      "shelfmark_override": "",
      "status": "P"
    },
    "model": "corpus.document",
    "pk": 30208
  },
  {
    "fields": {
      "created": "2021-05-26T20:30:58.848Z",
      "description": "Letter fragment in Arabic script in the margin of a Coptic New Testament. \"اعملوا/تعملوا معروفكم الى اورشليم وان كان ينبغي ان امضي انا ايضا الى ها هناك اذهبوا معي فاني . . . عليكم.\" Planning a trip to Jerusalem? Needs further examination.",
      "description_ar": null,
      "description_en": "Letter fragment in Arabic script in the margin of a Coptic New Testament. \"اعملوا/تعملوا معروفكم الى اورشليم وان كان ينبغي ان امضي انا ايضا الى ها هناك اذهبوا معي فاني . . . عليكم.\" Planning a trip to Jerusalem? Needs further examination.",
      "description_he": null,
      "doc_date_calendar": "",
      "doc_date_original": "",
      "doc_date_standard": "",
      "doctype": ["Letter"],
      "language_note": "",
      "languages": [["Arabic", "Arabic"]],
      "last_modified": "2021-05-26T20:30:58.848Z",
      "needs_review": "",
      "notes": "",
      "old_pgpids": null,
      "secondary_languages": [],
      "shelfmark_override": "",
      "status": "P"
    },
    "model": "corpus.document",
    "pk": 32644
  },
  {
    "fields": {
      "created": "2021-05-26T20:30:28.475Z",
      "description": "Accounts in Judaeo-Arabic of funds regarding weeks of the Jewish liturgical calendar that differ in structure but are related to nearby shelfmarks such as JRL C 161 and JRL C 159. From the paleography the dating can be estimated as 18th/19th-century. On the recto there is also a list of books in the Bible and the corresponding totals of their respective chapters (i.e. Joshua 24, Judges 21, etc.). On the verso, the Judaeo-Arabic word \"חסאב / حساب\" is used repeatedly in labeling the headings of various entries/calculations. Date: 18th c or 19th c. MCD.",
      "description_ar": null,
      "description_en": "Accounts in Judaeo-Arabic of funds regarding weeks of the Jewish liturgical calendar that differ in structure but are related to nearby shelfmarks such as JRL C 161 and JRL C 159. From the paleography the dating can be estimated as 18th/19th-century. On the recto there is also a list of books in the Bible and the corresponding totals of their respective chapters (i.e. Joshua 24, Judges 21, etc.). On the verso, the Judaeo-Arabic word \"חסאב / حساب\" is used repeatedly in labeling the headings of various entries/calculations. Date: 18th c or 19th c. MCD.",
      "description_he": null,
      "doc_date_calendar": "",
      "doc_date_original": "",
      "doc_date_standard": "",
      "doctype": ["List or table"],
      "language_note": "",
      "languages": [["Judaeo-Arabic", "Hebrew"]],
      "last_modified": "2021-12-21T21:33:37.686Z",
      "needs_review": "",
      "notes": "",
      "old_pgpids": null,
      "secondary_languages": [],
      "shelfmark_override": "",
      "status": "P"
    },
    "model": "corpus.document",
    "pk": 32012
  },
  {
    "fields": {
      "created": "2021-05-26T20:30:26.640Z",
      "description": "Awaiting description. (This folder is mostly or entirely 18th-century and 19th-century accounts.)",
      "description_ar": null,
      "description_en": "Awaiting description. (This folder is mostly or entirely 18th-century and 19th-century accounts.)",
      "description_he": null,
      "doc_date_calendar": "",
      "doc_date_original": "",
      "doc_date_standard": "",
      "doctype": null,
      "language_note": "",
      "languages": [],
      "last_modified": "2021-05-26T20:30:26.640Z",
      "needs_review": "",
      "notes": "",
      "old_pgpids": null,
      "secondary_languages": [],
      "shelfmark_override": "",
      "status": "P"
    },
    "model": "corpus.document",
    "pk": 31950
  },
  {
    "fields": {
      "created": "2021-05-26T20:29:23.006Z",
      "description": "Report to an Ayyubid official mentioning al-Malik al-ʿĀdil and a deceased official named Shams al-Dīn. The Mainz shelfmark is how it's listed in FGP, but it's not actually in Mainz. The image in FGP is from a microfilm at the National Library of Israel; the original was at a paper museum in Mainz that has since closed, now presumed lost. Join: Marina Rustow.",
      "description_ar": null,
      "description_en": "Report to an Ayyubid official mentioning al-Malik al-ʿĀdil and a deceased official named Shams al-Dīn. The Mainz shelfmark is how it's listed in FGP, but it's not actually in Mainz. The image in FGP is from a microfilm at the National Library of Israel; the original was at a paper museum in Mainz that has since closed, now presumed lost. Join: Marina Rustow.",
      "description_he": null,
      "doc_date_calendar": "",
      "doc_date_original": "",
      "doc_date_standard": "",
      "doctype": ["State"],
      "language_note": "",
      "languages": [],
      "last_modified": "2021-05-26T20:29:23.006Z",
      "needs_review": "",
      "notes": "DIMME notes: Mainz shelf-mark per FGP, but it's not actually in Mainz. And the Mainz image is only on microfilm. See correspondence with Ezra Chwat, Choueka/Shweka and others on this, ca. March 2016. Join by MR. Rustow, Lost Archive",
      "old_pgpids": null,
      "secondary_languages": [],
      "shelfmark_override": "",
      "status": "P"
    },
    "model": "corpus.document",
    "pk": 30820
  },
  {
    "fields": {
      "created": "2021-05-26T20:25:27.997Z",
      "description": "State document: A set of responses to petitions (?) from the administration of al-Mustanṣir (427–87). Join: Marina Rustow. Cf. BL OR 5553.1 + BL OR 5553.2 + T-S Ar.51.49 + BL OR 5553A.1 + BL OR 5553A.2. ",
      "description_ar": null,
      "description_en": "State document: A set of responses to petitions (?) from the administration of al-Mustanṣir (427–87). Join: Marina Rustow. Cf. BL OR 5553.1 + BL OR 5553.2 + T-S Ar.51.49 + BL OR 5553A.1 + BL OR 5553A.2. ",
      "description_he": null,
      "doc_date_calendar": "",
      "doc_date_original": "",
      "doc_date_standard": "",
      "doctype": ["State"],
      "language_note": "",
      "languages": [],
      "last_modified": "2021-05-26T20:25:27.997Z",
      "needs_review": "",
      "notes": "DIMME notes: Serial recycler #3; Rustow, Lost Archive",
      "old_pgpids": null,
      "secondary_languages": [],
      "shelfmark_override": "",
      "status": "P"
    },
    "model": "corpus.document",
    "pk": 30818
  },
  {
    "fields": {
      "created": "2021-05-26T20:25:13.960Z",
      "description": "State document: fragment of a decree (sijill manshūr)",
      "description_ar": null,
      "description_en": "State document: fragment of a decree (sijill manshūr)",
      "description_he": null,
      "doc_date_calendar": "",
      "doc_date_original": "",
      "doc_date_standard": "",
      "doctype": ["State"],
      "language_note": "",
      "languages": [],
      "last_modified": "2021-05-26T20:25:13.960Z",
      "needs_review": "",
      "notes": "Rustow, PGP NEED TO DO : [hādha a]l-sijill al-manshūr fī al-aʿmā[l]",
      "old_pgpids": null,
      "secondary_languages": [],
      "shelfmark_override": "",
      "status": "P"
    },
    "model": "corpus.document",
    "pk": 30833
  },
  {
    "fields": {
      "created": "2021-05-26T20:24:25.454Z",
      "description": "Various Geonic responsa. (Information from CUDL)",
      "description_ar": null,
      "description_en": "Various Geonic responsa. (Information from CUDL)",
      "description_he": null,
      "doc_date_calendar": "",
      "doc_date_original": "",
      "doc_date_standard": "",
      "doctype": ["Legal"],
      "language_note": "Aramaic (isolated Babylonian vocalisation)",
      "languages": [
        ["Aramaic", "Hebrew"],
        ["Hebrew", "Hebrew"]
      ],
      "last_modified": "2021-05-26T20:24:25.479Z",
      "needs_review": "",
      "notes": "",
      "old_pgpids": null,
      "secondary_languages": [],
      "shelfmark_override": "",
      "status": "P"
    },
    "model": "corpus.document",
    "pk": 29324
  },
  {
    "fields": {
      "created": "2021-05-26T20:23:54.775Z",
      "description": "Business letter sent from Qayrawan by Efrayim b. Ismail, probably to Yaʿaqov b. Yosef b. Awkal in Fustat (Gil) or from Ifrīqiya by 'Alush b. Yeshua to Ismail b. Avraham in Egypt (Ben-Sasson). The letter deals mainly with merchandise and shipments of goods. Dated to the beginning of the 11th century (Gil) or the first third of the 11th century (Ben-Sasson). (Information from Gil, Vol. 2, p. 312 and from Ben-Sasson, p. 219)",
      "description_ar": null,
      "description_en": "Business letter sent from Qayrawan by Efrayim b. Ismail, probably to Yaʿaqov b. Yosef b. Awkal in Fustat (Gil) or from Ifrīqiya by 'Alush b. Yeshua to Ismail b. Avraham in Egypt (Ben-Sasson). The letter deals mainly with merchandise and shipments of goods. Dated to the beginning of the 11th century (Gil) or the first third of the 11th century (Ben-Sasson). (Information from Gil, Vol. 2, p. 312 and from Ben-Sasson, p. 219)",
      "description_he": null,
      "doc_date_calendar": "",
      "doc_date_original": "",
      "doc_date_standard": "",
      "doctype": ["Letter"],
      "language_note": "",
      "languages": [],
      "last_modified": "2021-05-26T20:23:54.775Z",
      "needs_review": "",
      "notes": "Look for Goitein scan in this folder: https://drive.google.com/drive/folders/1ZAWSK3ILoRyll0FafU61V5zdccx0CgaP?usp=sharing",
      "old_pgpids": null,
      "secondary_languages": [],
      "shelfmark_override": "",
      "status": "P"
    },
    "model": "corpus.document",
    "pk": 2532
  },
  {
    "fields": {
      "created": "2021-05-26T20:24:21.402Z",
      "description": "See PGP 19611",
      "description_ar": null,
      "description_en": "See PGP 19611",
      "description_he": null,
      "doc_date_calendar": "",
      "doc_date_original": "",
      "doc_date_standard": "",
      "doctype": ["Literary"],
      "language_note": "",
      "languages": [],
      "last_modified": "2021-11-24T20:49:24.748Z",
      "needs_review": "",
      "notes": "FGP stub",
      "old_pgpids": null,
      "secondary_languages": [],
      "shelfmark_override": "",
      "status": "S"
    },
    "model": "corpus.document",
    "pk": 19612
  },
  {
    "fields": {
      "created": "2021-05-26T20:22:51.359Z",
      "description": "Late accounts for the year \"sham tzivah\"; unclear how to translate this into a number. There are headings for \"duyūn,\" \"qarqaʿot,\" and \"seḥorot.\" There is a third join somewhere in the first 50 shelfmarks of this folder if memory serves.",
      "description_ar": null,
      "description_en": "Late accounts for the year \"sham tzivah\"; unclear how to translate this into a number. There are headings for \"duyūn,\" \"qarqaʿot,\" and \"seḥorot.\" There is a third join somewhere in the first 50 shelfmarks of this folder if memory serves.",
      "description_he": null,
      "doc_date_calendar": "",
      "doc_date_original": "",
      "doc_date_standard": "",
      "doctype": ["List or table"],
      "language_note": "",
      "languages": [],
      "last_modified": "2021-05-26T20:22:51.359Z",
      "needs_review": "",
      "notes": "",
      "old_pgpids": null,
      "secondary_languages": [],
      "shelfmark_override": "",
      "status": "P"
    },
    "model": "corpus.document",
    "pk": 30661
  },
  {
    "fields": {
      "created": "2021-05-26T20:23:41.348Z",
      "description": "A deed of acquittance, in which Sedid b. Saʿadya releases Fakhr bat ʿAlam. Signed in Cairo near Fustat, at the time of the Nagid ʿAmram, on Friday, 9 Nissan 1688(?) Seleucid (1377CE). (Information from Goitein notes and index card linked below and Assaf, Toledot ha-Yehudim, p. 22.). In the edition from his dissertation (p.366) Dotan Arad confirms the dating as 1377CE. MCD.",
      "description_ar": null,
      "description_en": "A deed of acquittance, in which Sedid b. Saʿadya releases Fakhr bat ʿAlam. Signed in Cairo near Fustat, at the time of the Nagid ʿAmram, on Friday, 9 Nissan 1688(?) Seleucid (1377CE). (Information from Goitein notes and index card linked below and Assaf, Toledot ha-Yehudim, p. 22.). In the edition from his dissertation (p.366) Dotan Arad confirms the dating as 1377CE. MCD.",
      "description_he": null,
      "doc_date_calendar": "s",
      "doc_date_original": "1688",
      "doc_date_standard": "1377",
      "doctype": ["Legal"],
      "language_note": "",
      "languages": [["Hebrew", "Hebrew"]],
      "last_modified": "2021-12-21T20:28:30.235Z",
      "needs_review": "",
      "notes": "Look for Goitein scan in this folder: https://drive.google.com/drive/folders/1ZAWSK3ILoRyll0FafU61V5zdccx0CgaP?usp=sharing",
      "old_pgpids": null,
      "secondary_languages": [],
      "shelfmark_override": "",
      "status": "P"
    },
    "model": "corpus.document",
    "pk": 6343
  },
  {
    "fields": {
      "created": "2021-05-26T20:22:38.646Z",
      "description": "Fragment from a responsum dealing with matters of betrothal. The fragment was written by the same scribe who wrote AIU D 75 which is a fragment from Siddur R. Shelomo ben Natan that was written in the twelfth century. Thus, the document must have been written in the twelfth century or after it. It appears that the question involved a betrothal that was carried out with haste (see line 3) by an inexperienced man. The respondent expresses his displeasure that the betrothal was conducted by someone who was not 'experienced in the matter of marriage and divorce' and requests to know how exactly the marriage was conducted: were the objects of betrothal handed directly to the bride or her representatives, and were those appointed in front of two witnesses? Was the expression 'for the purpose of complete betrothal' uttered when then objects of betrothal were handed over? He asks the person who presented the responsum to warn the public that such cases should not happen again.",
      "description_ar": null,
      "description_en": "Fragment from a responsum dealing with matters of betrothal. The fragment was written by the same scribe who wrote AIU D 75 which is a fragment from Siddur R. Shelomo ben Natan that was written in the twelfth century. Thus, the document must have been written in the twelfth century or after it. It appears that the question involved a betrothal that was carried out with haste (see line 3) by an inexperienced man. The respondent expresses his displeasure that the betrothal was conducted by someone who was not 'experienced in the matter of marriage and divorce' and requests to know how exactly the marriage was conducted: were the objects of betrothal handed directly to the bride or her representatives, and were those appointed in front of two witnesses? Was the expression 'for the purpose of complete betrothal' uttered when then objects of betrothal were handed over? He asks the person who presented the responsum to warn the public that such cases should not happen again.",
      "description_he": null,
      "doc_date_calendar": "",
      "doc_date_original": "",
      "doc_date_standard": "",
      "doctype": ["Legal"],
      "language_note": "",
      "languages": [],
      "last_modified": "2021-05-26T20:22:38.646Z",
      "needs_review": "",
      "notes": "",
      "old_pgpids": null,
      "secondary_languages": [],
      "shelfmark_override": "",
      "status": "P"
    },
    "model": "corpus.document",
    "pk": 4744
  },
  {
    "fields": {
      "created": "2021-05-26T20:22:34.964Z",
      "description": "Two different fragments. First fragment: An abridgement of some of the dietary and lifestyle advice from Chapter 4 of the Hebrew plague treatise \"Moshiaʿ Ḥosim\" (Venice, 1587) by Avraham Yagel (a.k.a. Gallico). This page dates from after 1623, since זלהה is written after Galiko's name. The advice includes: boiling all water before drinking it or mixing it with wine; cooking all produce to \"remove the disease from it\"; or to pick wild herbs growing in desolate locations; to dwell in spacious, airy, and beautifully decorated houses; and not to eat too much, not to sleep too much, not to eat excessively warming foods, not to wear excessively warming clothes. On Yagel/Gallico, see Ruderman, Kabbalah, Magic and Science The Cultural Universe of a Sixteenth-Century Jewish Physician, HUP 1988. Second fragment: This is labeled as \"Image 2\" and contains one line of Arabic script. However, the shape of the paper and the location of holes do not correspond to Image 1, suggesting that we are missing two images (verso of both Image 1 and Image 2). ",
      "description_ar": null,
      "description_en": "Two different fragments. First fragment: An abridgement of some of the dietary and lifestyle advice from Chapter 4 of the Hebrew plague treatise \"Moshiaʿ Ḥosim\" (Venice, 1587) by Avraham Yagel (a.k.a. Gallico). This page dates from after 1623, since זלהה is written after Galiko's name. The advice includes: boiling all water before drinking it or mixing it with wine; cooking all produce to \"remove the disease from it\"; or to pick wild herbs growing in desolate locations; to dwell in spacious, airy, and beautifully decorated houses; and not to eat too much, not to sleep too much, not to eat excessively warming foods, not to wear excessively warming clothes. On Yagel/Gallico, see Ruderman, Kabbalah, Magic and Science The Cultural Universe of a Sixteenth-Century Jewish Physician, HUP 1988. Second fragment: This is labeled as \"Image 2\" and contains one line of Arabic script. However, the shape of the paper and the location of holes do not correspond to Image 1, suggesting that we are missing two images (verso of both Image 1 and Image 2). ",
      "description_he": null,
      "doc_date_calendar": "",
      "doc_date_original": "",
      "doc_date_standard": "",
      "doctype": ["Literary"],
      "language_note": "",
      "languages": [
        ["Arabic", "Arabic"],
        ["Hebrew", "Hebrew"]
      ],
      "last_modified": "2021-05-26T20:22:34.964Z",
      "needs_review": "",
      "notes": "",
      "old_pgpids": null,
      "secondary_languages": [],
      "shelfmark_override": "",
      "status": "P"
    },
    "model": "corpus.document",
    "pk": 31094
  },
  {
    "fields": {
      "created": "2021-05-26T20:22:33.788Z",
      "description": "2 bifolia (8 pages), each containing a table corresponding to one of the stones of the Urim ve-Tumim, each one intended to be used for a different sort of Yes/No prognostication (whether so-and-so will be judged fairly... whether so-and-so will be saved from danger... whether so-and-so is righteous or wicked...). ",
      "description_ar": null,
      "description_en": "2 bifolia (8 pages), each containing a table corresponding to one of the stones of the Urim ve-Tumim, each one intended to be used for a different sort of Yes/No prognostication (whether so-and-so will be judged fairly... whether so-and-so will be saved from danger... whether so-and-so is righteous or wicked...). ",
      "description_he": null,
      "doc_date_calendar": "",
      "doc_date_original": "",
      "doc_date_standard": "",
      "doctype": ["Paraliterary"],
      "language_note": "",
      "languages": [["Hebrew", "Hebrew"]],
      "last_modified": "2021-05-26T20:22:33.788Z",
      "needs_review": "",
      "notes": "",
      "old_pgpids": null,
      "secondary_languages": [],
      "shelfmark_override": "",
      "status": "P"
    },
    "model": "corpus.document",
    "pk": 31134
  },
  {
    "fields": {
      "certain": true,
      "document": 5626,
      "fragment": ["Bodl. MS heb. f 34/44"],
      "multifragment": "",
      "order": null,
      "region": "",
      "selected_images": "[]"
    },
    "model": "corpus.textblock",
    "pk": 31211
  },
  {
    "fields": {
      "certain": true,
      "document": 5626,
      "fragment": ["Bodl. MS heb. f 34/43"],
      "multifragment": "",
      "order": null,
      "region": "",
      "selected_images": "[]"
    },
    "model": "corpus.textblock",
    "pk": 31210
  },
  {
    "fields": {
      "certain": true,
      "document": 5626,
      "fragment": ["Bodl. MS heb. f 34/42"],
      "multifragment": "",
      "order": null,
      "region": "",
      "selected_images": "[]"
    },
    "model": "corpus.textblock",
    "pk": 31209
  },
  {
    "fields": {
      "certain": true,
      "document": 5626,
      "fragment": ["Bodl. MS heb. f 34/41"],
      "multifragment": "",
      "order": null,
      "region": "",
      "selected_images": "[]"
    },
    "model": "corpus.textblock",
    "pk": 31208
  },
  {
    "fields": {
      "certain": true,
      "document": 5626,
      "fragment": ["Bodl. MS heb. f 34/40"],
      "multifragment": "",
      "order": null,
      "region": "",
      "selected_images": "[]"
    },
    "model": "corpus.textblock",
    "pk": 31207
  },
  {
    "fields": {
      "certain": true,
      "document": 5626,
      "fragment": ["Bodl. MS heb. f 34/39"],
      "multifragment": "",
      "order": null,
      "region": "",
      "selected_images": "[]"
    },
    "model": "corpus.textblock",
    "pk": 2407
  },
  {
    "fields": {
      "certain": true,
      "document": 8151,
      "fragment": ["T-S Ar.7.16"],
      "multifragment": "",
      "order": null,
      "region": "",
      "selected_images": "[]"
    },
    "model": "corpus.textblock",
    "pk": 20516
  },
  {
    "fields": {
      "certain": true,
      "document": 8151,
      "fragment": ["ENA 2727.15d"],
      "multifragment": "",
      "order": 1,
      "region": "",
      "selected_images": "[]"
    },
    "model": "corpus.textblock",
    "pk": 33953
  },
  {
    "fields": {
      "certain": true,
      "document": 2142,
      "fragment": ["T-S 8J5.1"],
      "multifragment": "",
      "order": null,
      "region": "a",
      "selected_images": "[]"
    },
    "model": "corpus.textblock",
    "pk": 18742
  },
  {
    "fields": {
      "certain": true,
      "document": 3504,
      "fragment": ["T-S 18J1.17"],
      "multifragment": "",
      "order": null,
      "region": "",
      "selected_images": "[]"
    },
    "model": "corpus.textblock",
    "pk": 17094
  },
  {
    "fields": {
      "certain": true,
      "document": 9469,
      "fragment": ["T-S 12.70"],
      "multifragment": "",
      "order": null,
      "region": "",
      "selected_images": "[]"
    },
    "model": "corpus.textblock",
    "pk": 15818
  },
  {
    "fields": {
      "certain": true,
      "document": 444,
      "fragment": ["T-S 13J35.3"],
      "multifragment": "",
      "order": null,
      "region": "",
      "selected_images": "[]"
    },
    "model": "corpus.textblock",
    "pk": 31234
  },
  {
    "fields": {
      "certain": true,
      "document": 444,
      "fragment": ["AIU VII.A.23"],
      "multifragment": "",
      "order": null,
      "region": "",
      "selected_images": "[]"
    },
    "model": "corpus.textblock",
    "pk": 214
  },
  {
    "fields": {
      "certain": true,
      "document": 23342,
      "fragment": ["T-S Misc.24.56"],
      "multifragment": "",
      "order": null,
      "region": "",
      "selected_images": "[]"
    },
    "model": "corpus.textblock",
    "pk": 25700
  },
  {
    "fields": {
      "certain": true,
      "document": 30851,
      "fragment": ["ENA 3751.5"],
      "multifragment": "",
      "order": null,
      "region": "",
      "selected_images": "[]"
    },
    "model": "corpus.textblock",
    "pk": 31381
  },
  {
    "fields": {
      "certain": true,
      "document": 30851,
      "fragment": ["T-S 13.20"],
      "multifragment": "",
      "order": null,
      "region": "",
      "selected_images": "[]"
    },
    "model": "corpus.textblock",
    "pk": 31380
  },
  {
    "fields": {
      "certain": true,
      "document": 30851,
      "fragment": ["JRL SERIES B 5446"],
      "multifragment": "",
      "order": null,
      "region": "",
      "selected_images": "[]"
    },
    "model": "corpus.textblock",
    "pk": 31379
  },
  {
    "fields": {
      "certain": true,
      "document": 30851,
      "fragment": ["ENA 4045.2"],
      "multifragment": "",
      "order": null,
      "region": "",
      "selected_images": "[]"
    },
    "model": "corpus.textblock",
    "pk": 31378
  },
  {
    "fields": {
      "certain": true,
      "document": 30851,
      "fragment": ["T-S F13.1"],
      "multifragment": "",
      "order": null,
      "region": "",
      "selected_images": "[]"
    },
    "model": "corpus.textblock",
    "pk": 31377
  },
  {
    "fields": {
      "certain": true,
      "document": 30851,
      "fragment": ["T-S C2.209"],
      "multifragment": "",
      "order": null,
      "region": "",
      "selected_images": "[]"
    },
    "model": "corpus.textblock",
    "pk": 24920
  },
  {
    "fields": {
      "certain": true,
      "document": 29181,
      "fragment": ["T-S AS 135.53"],
      "multifragment": "",
      "order": null,
      "region": "",
      "selected_images": "[]"
    },
    "model": "corpus.textblock",
    "pk": 20760
  },
  {
    "fields": {
      "certain": true,
      "document": 30825,
      "fragment": ["T-S Ar.31.58"],
      "multifragment": "",
      "order": null,
      "region": "",
      "selected_images": "[]"
    },
    "model": "corpus.textblock",
    "pk": 32929
  },
  {
    "fields": {
      "certain": true,
      "document": 30825,
      "fragment": ["ENA 2697.9"],
      "multifragment": "",
      "order": null,
      "region": "",
      "selected_images": "[]"
    },
    "model": "corpus.textblock",
    "pk": 32928
  },
  {
    "fields": {
      "certain": true,
      "document": 30825,
      "fragment": ["ENA 2697.8"],
      "multifragment": "",
      "order": null,
      "region": "",
      "selected_images": "[]"
    },
    "model": "corpus.textblock",
    "pk": 32927
  },
  {
    "fields": {
      "certain": true,
      "document": 30825,
      "fragment": ["T-S Ar.30.245"],
      "multifragment": "",
      "order": null,
      "region": "",
      "selected_images": "[]"
    },
    "model": "corpus.textblock",
    "pk": 19244
  },
  {
    "fields": {
      "certain": true,
      "document": 3879,
      "fragment": ["T-S Ar.30.129"],
      "multifragment": "",
      "order": null,
      "region": "",
      "selected_images": "[]"
    },
    "model": "corpus.textblock",
    "pk": 19100
  },
  {
    "fields": {
      "certain": true,
      "document": 30824,
      "fragment": ["T-S Ar.22.140"],
      "multifragment": "",
      "order": null,
      "region": "",
      "selected_images": "[]"
    },
    "model": "corpus.textblock",
    "pk": 19051
  },
  {
    "fields": {
      "certain": true,
      "document": 3497,
      "fragment": ["T-S 18J1.1"],
      "multifragment": "",
      "order": null,
      "region": "",
      "selected_images": "[]"
    },
    "model": "corpus.textblock",
    "pk": 17086
  },
  {
    "fields": {
      "certain": true,
      "document": 2969,
      "fragment": ["T-S 10J22.6"],
      "multifragment": "",
      "order": null,
      "region": "",
      "selected_images": "[]"
    },
    "model": "corpus.textblock",
    "pk": 14886
  },
  {
    "fields": {
      "certain": true,
      "document": 2811,
      "fragment": ["T-S 10J12.16"],
      "multifragment": "",
      "order": null,
      "region": "",
      "selected_images": "[]"
    },
    "model": "corpus.textblock",
    "pk": 14558
  },
  {
    "fields": {
      "certain": true,
      "document": 912,
      "fragment": ["Sassoon 1055b"],
      "multifragment": "",
      "order": null,
      "region": "",
      "selected_images": "[]"
    },
    "model": "corpus.textblock",
    "pk": 14444
  },
  {
    "fields": {
      "certain": true,
      "document": 30176,
      "fragment": ["Princeton, no shelfmark (Michaelides 26)"],
      "multifragment": "",
      "order": null,
      "region": "",
      "selected_images": "[]"
    },
    "model": "corpus.textblock",
    "pk": 14429
  },
  {
    "fields": {
      "certain": true,
      "document": 19633,
      "fragment": ["Princeton, No ShelfMark"],
      "multifragment": "",
      "order": null,
      "region": "",
      "selected_images": "[]"
    },
    "model": "corpus.textblock",
    "pk": 14421
  },
  {
    "fields": {
      "certain": true,
      "document": 30208,
      "fragment": [
        "Princeton, Islamic Manuscripts, Garrett Additional 20.1 (photo 20 in PUDL)"
      ],
      "multifragment": "",
      "order": null,
      "region": "",
      "selected_images": "[]"
    },
    "model": "corpus.textblock",
    "pk": 14398
  },
  {
    "fields": {
      "certain": true,
      "document": 32644,
      "fragment": ["Moss. III,212.2"],
      "multifragment": "",
      "order": null,
      "region": "b",
      "selected_images": "[]"
    },
    "model": "corpus.textblock",
    "pk": 13208
  },
  {
    "fields": {
      "certain": true,
      "document": 32012,
      "fragment": ["JRL SERIES C 162"],
      "multifragment": "",
      "order": null,
      "region": "",
      "selected_images": "[]"
    },
    "model": "corpus.textblock",
    "pk": 12661
  },
  {
    "fields": {
      "certain": true,
      "document": 31950,
      "fragment": ["JRL SERIES C 100"],
      "multifragment": "",
      "order": null,
      "region": "",
      "selected_images": "[]"
    },
    "model": "corpus.textblock",
    "pk": 12593
  },
  {
    "fields": {
      "certain": true,
      "document": 30820,
      "fragment": ["Mainz MS 2"],
      "multifragment": "",
      "order": null,
      "region": "",
      "selected_images": "[]"
    },
    "model": "corpus.textblock",
    "pk": 33072
  },
  {
    "fields": {
      "certain": true,
      "document": 30820,
      "fragment": ["F1908.44S"],
      "multifragment": "",
      "order": null,
      "region": "",
      "selected_images": "[]"
    },
    "model": "corpus.textblock",
    "pk": 10431
  },
  {
    "fields": {
      "certain": true,
      "document": 30818,
      "fragment": ["T-S Ar.30.245"],
      "multifragment": "",
      "order": null,
      "region": "",
      "selected_images": "[]"
    },
    "model": "corpus.textblock",
    "pk": 32863
  },
  {
    "fields": {
      "certain": true,
      "document": 30818,
      "fragment": ["T-S Ar.31.58"],
      "multifragment": "",
      "order": null,
      "region": "",
      "selected_images": "[]"
    },
    "model": "corpus.textblock",
    "pk": 32862
  },
  {
    "fields": {
      "certain": true,
      "document": 30818,
      "fragment": ["ENA 2697.9"],
      "multifragment": "",
      "order": null,
      "region": "",
      "selected_images": "[]"
    },
    "model": "corpus.textblock",
    "pk": 32861
  },
  {
    "fields": {
      "certain": true,
      "document": 30818,
      "fragment": ["ENA 2697.8"],
      "multifragment": "",
      "order": null,
      "region": "",
      "selected_images": "[]"
    },
    "model": "corpus.textblock",
    "pk": 3876
  },
  {
    "fields": {
      "certain": true,
      "document": 30833,
      "fragment": ["ENA 2209.12"],
      "multifragment": "",
      "order": null,
      "region": "",
      "selected_images": "[\"0\"]"
    },
    "model": "corpus.textblock",
    "pk": 3562
  },
  {
    "fields": {
      "certain": true,
      "document": 29324,
      "fragment": ["CUL Or.1080 1.64"],
      "multifragment": "",
      "order": null,
      "region": "",
      "selected_images": "[]"
    },
    "model": "corpus.textblock",
    "pk": 2559
  },
  {
    "fields": {
      "certain": true,
      "document": 2532,
      "fragment": ["Bodl. MS heb. d 65/17"],
      "multifragment": "",
      "order": null,
      "region": "",
      "selected_images": "[]"
    },
    "model": "corpus.textblock",
    "pk": 1990
  },
  {
    "fields": {
      "certain": true,
      "document": 19612,
      "fragment": ["Bodl. MS heb. f 58/18"],
      "multifragment": "",
      "order": null,
      "region": "",
      "selected_images": "[]"
    },
    "model": "corpus.textblock",
    "pk": 2480
  },
  {
    "fields": {
      "certain": true,
      "document": 30661,
      "fragment": ["AIU VII.F.55"],
      "multifragment": "",
      "order": null,
      "region": "",
      "selected_images": "[]"
    },
    "model": "corpus.textblock",
    "pk": 32628
  },
  {
    "fields": {
      "certain": true,
      "document": 30661,
      "fragment": ["AIU VII.F.54"],
      "multifragment": "",
      "order": null,
      "region": "",
      "selected_images": "[]"
    },
    "model": "corpus.textblock",
    "pk": 615
  },
  {
    "fields": {
      "certain": true,
      "document": 6343,
      "fragment": ["Bodl. MS heb. b 3/13"],
      "multifragment": "",
      "order": null,
      "region": "",
      "selected_images": "[\"1\"]"
    },
    "model": "corpus.textblock",
    "pk": 1772
  },
  {
    "fields": {
      "certain": true,
      "document": 4744,
      "fragment": ["AIU VII.D.34"],
      "multifragment": "",
      "order": null,
      "region": "",
      "selected_images": "[]"
    },
    "model": "corpus.textblock",
    "pk": 281
  },
  {
    "fields": {
      "certain": true,
      "document": 31094,
      "fragment": ["AIU VI.C.10"],
      "multifragment": "",
      "order": null,
      "region": "",
      "selected_images": "[]"
    },
    "model": "corpus.textblock",
    "pk": 188
  },
  {
    "fields": {
      "certain": true,
      "document": 31134,
      "fragment": ["AIU VI.B.35"],
      "multifragment": "",
      "order": null,
      "region": "",
      "selected_images": "[]"
    },
    "model": "corpus.textblock",
    "pk": 153
  },
  {
    "fields": {
      "code": "fr",
      "name": "French"
    },
    "model": "footnotes.sourcelanguage",
    "pk": 4
  },
  {
    "fields": {
      "type": "Article"
    },
    "model": "footnotes.sourcetype",
    "pk": 2
  },
  {
    "fields": {
      "type": "Book"
    },
    "model": "footnotes.sourcetype",
    "pk": 1
  },
  {
    "fields": {
      "code": "he",
      "name": "Hebrew"
    },
    "model": "footnotes.sourcelanguage",
    "pk": 3
  },
  {
    "fields": {
      "type": "Dissertation"
    },
    "model": "footnotes.sourcetype",
    "pk": 4
  },
  {
    "fields": {
      "code": "en",
      "name": "English"
    },
    "model": "footnotes.sourcelanguage",
    "pk": 1
  },
  {
    "fields": {
      "type": "Unpublished"
    },
    "model": "footnotes.sourcetype",
    "pk": 3
  },
  {
    "fields": {
      "first_name": "Naïm",
      "first_name_ar": null,
      "first_name_en": "Naïm",
      "first_name_he": null,
      "last_name": "Vanthieghem",
      "last_name_ar": null,
      "last_name_en": "Vanthieghem",
      "last_name_he": null
    },
    "model": "footnotes.creator"
  },
  {
    "fields": {
      "edition": null,
      "issue": null,
      "journal": "",
      "languages": [1],
      "notes": "Created from PGPID 2367",
      "other_info": "",
      "page_range": "",
      "place_published": "",
      "publisher": "",
      "source_type": 3,
      "title": "unpublished editions",
      "title_ar": null,
      "title_en": "unpublished editions",
      "title_he": null,
      "url": "",
      "volume": "",
      "year": null
    },
    "model": "footnotes.source",
    "pk": 25
  },
  {
    "fields": {
      "edition": null,
      "issue": null,
      "journal": "",
      "languages": [],
      "notes": "",
      "other_info": "",
      "page_range": "",
      "place_published": "",
      "publisher": "",
      "source_type": 3,
      "title": "unpublished editions",
      "title_ar": null,
      "title_en": "unpublished editions",
      "title_he": null,
      "url": "",
      "volume": "T-S 18",
      "year": null
    },
    "model": "footnotes.source",
    "pk": 736
  },
  {
    "fields": {
      "edition": null,
      "issue": null,
      "journal": "",
      "languages": [],
      "notes": "",
      "other_info": "",
      "page_range": "",
      "place_published": "",
      "publisher": "",
      "source_type": 3,
      "title": "unpublished editions",
      "title_ar": null,
      "title_en": "unpublished editions",
      "title_he": null,
      "url": "",
      "volume": "AIU",
      "year": null
    },
    "model": "footnotes.source",
    "pk": 740
  },
  {
    "fields": {
      "edition": null,
      "issue": null,
      "journal": "",
      "languages": [],
      "notes": "",
      "other_info": "",
      "page_range": "",
      "place_published": "",
      "publisher": "",
      "source_type": 3,
      "title": "index cards",
      "title_ar": null,
      "title_en": "index cards",
      "title_he": null,
      "url": "",
      "volume": "T-S Ar",
      "year": null
    },
    "model": "footnotes.source",
    "pk": 856
  },
  {
    "fields": {
      "edition": null,
      "issue": null,
      "journal": "",
      "languages": [],
      "notes": "",
      "other_info": "",
      "page_range": "",
      "place_published": "",
      "publisher": "",
      "source_type": 3,
      "title": "index cards",
      "title_ar": null,
      "title_en": "index cards",
      "title_he": null,
      "url": "",
      "volume": "ENA",
      "year": null
    },
    "model": "footnotes.source",
    "pk": 836
  },
  {
    "fields": {
      "edition": null,
      "issue": null,
      "journal": "",
      "languages": [],
      "notes": "",
      "other_info": "",
      "page_range": "",
      "place_published": "",
      "publisher": "",
      "source_type": 3,
      "title": "index cards",
      "title_ar": null,
      "title_en": "index cards",
      "title_he": null,
      "url": "",
      "volume": "Bodl.",
      "year": null
    },
    "model": "footnotes.source",
    "pk": 831
  },
  {
    "fields": {
      "edition": null,
      "issue": null,
      "journal": "",
      "languages": [],
      "notes": "",
      "other_info": "",
      "page_range": "",
      "place_published": "",
      "publisher": "",
      "source_type": 3,
      "title": "index cards",
      "title_ar": null,
      "title_en": "index cards",
      "title_he": null,
      "url": "",
      "volume": "T-S 10",
      "year": null
    },
    "model": "footnotes.source",
    "pk": 853
  },
  {
    "fields": {
      "edition": null,
      "issue": null,
      "journal": "",
      "languages": [],
      "notes": "",
      "other_info": "",
      "page_range": "",
      "place_published": "",
      "publisher": "",
      "source_type": 3,
      "title": "index cards",
      "title_ar": null,
      "title_en": "index cards",
      "title_he": null,
      "url": "",
      "volume": "AIU",
      "year": null
    },
    "model": "footnotes.source",
    "pk": 826
  },
  {
    "fields": {
      "edition": null,
      "issue": null,
      "journal": "",
      "languages": [],
      "notes": "",
      "other_info": "",
      "page_range": "",
      "place_published": "",
      "publisher": "",
      "source_type": 3,
      "title": "index cards",
      "title_ar": null,
      "title_en": "index cards",
      "title_he": null,
      "url": "",
      "volume": "T-S 18",
      "year": null
    },
    "model": "footnotes.source",
    "pk": 855
  },
  {
    "fields": {
      "edition": null,
      "issue": null,
      "journal": "",
      "languages": [3],
      "notes": "Created from PGPID 2519",
      "other_info": "",
      "page_range": "",
      "place_published": "Jerusalem",
      "publisher": "Ben-Zvi Institute",
      "source_type": 1,
      "title": "The Jews of Sicily, 825–1068: Documents and Sources",
      "title_ar": null,
      "title_en": "The Jews of Sicily, 825–1068: Documents and Sources",
      "title_he": "יהודי סיציליה 1068-825",
      "url": "",
      "volume": "",
      "year": 1991
    },
    "model": "footnotes.source",
    "pk": 65
  },
  {
    "fields": {
      "first_name": "Menahem",
      "first_name_ar": null,
      "first_name_en": "Menahem",
      "first_name_he": null,
      "last_name": "Ben-Sasson",
      "last_name_ar": null,
      "last_name_en": "Ben-Sasson",
      "last_name_he": null
    },
    "model": "footnotes.creator"
  },
  {
    "fields": {
      "edition": null,
      "issue": null,
      "journal": "",
      "languages": [3],
      "notes": "",
      "other_info": "",
      "page_range": "",
      "place_published": "",
      "publisher": "PhD Dissertation. The Hebrew University of Jerusalem.",
      "source_type": 4,
      "title": "The Mustaʿrib Jews in Syria, Palestine and Egypt: 1330-1700",
      "title_ar": null,
      "title_en": "The Mustaʿrib Jews in Syria, Palestine and Egypt: 1330-1700",
      "title_he": null,
      "url": "",
      "volume": "",
      "year": 2013
    },
    "model": "footnotes.source",
    "pk": 770
  },
  {
    "fields": {
      "first_name": "Dotan",
      "first_name_ar": null,
      "first_name_en": "Dotan",
      "first_name_he": null,
      "last_name": "Arad",
      "last_name_ar": null,
      "last_name_en": "Arad",
      "last_name_he": null
    },
    "model": "footnotes.creator"
  },
  {
    "fields": {
      "edition": null,
      "issue": null,
      "journal": "",
      "languages": [3],
      "notes": "Created from PGPID 444",
      "other_info": "",
      "page_range": "",
      "place_published": "",
      "publisher": "",
      "source_type": 1,
      "title": "Palestine During the First Muslim Period (634–1099)",
      "title_ar": null,
      "title_en": "Palestine During the First Muslim Period (634–1099)",
      "title_he": null,
      "url": "",
      "volume": "2",
      "year": null
    },
    "model": "footnotes.source",
    "pk": 3
  },
  {
    "fields": {
      "edition": null,
      "issue": null,
      "journal": "Revue des Etudes Juives",
      "languages": [4],
      "notes": "",
      "other_info": "",
      "page_range": "",
      "place_published": "",
      "publisher": "",
      "source_type": 2,
      "title": "La lettre de divorce caraïte et sa place dans les relations entre Caraïtes et Rabbanites au Moyen Age (Une étude de manuscrits de la Geniza du Caire)",
      "title_ar": null,
      "title_en": "La lettre de divorce caraïte et sa place dans les relations entre Caraïtes et Rabbanites au Moyen Age (Une étude de manuscrits de la Geniza du Caire)",
      "title_he": null,
      "url": "",
      "volume": "155:3–4",
      "year": 1996
    },
    "model": "footnotes.source",
    "pk": 768
  },
  {
    "fields": {
      "first_name": "Judith",
      "first_name_ar": null,
      "first_name_en": "Judith",
      "first_name_he": null,
      "last_name": "Olszowy-Schlanger",
      "last_name_ar": null,
      "last_name_en": "Olszowy-Schlanger",
      "last_name_he": null
    },
    "model": "footnotes.creator"
  },
  {
    "fields": {
      "edition": null,
      "issue": null,
      "journal": "",
      "languages": [3],
      "notes": "Created from PGPID 4744",
      "other_info": "",
      "page_range": "",
      "place_published": "",
      "publisher": "",
      "source_type": 4,
      "title": "Engagement and Betrothal Documents from the Cairo Geniza",
      "title_ar": null,
      "title_en": "Engagement and Betrothal Documents from the Cairo Geniza",
      "title_he": "שידוכין ואירוסין על-פי תעודות מן הגניזה הקהירית",
      "url": "",
      "volume": "",
      "year": 2006
    },
    "model": "footnotes.source",
    "pk": 7
  },
  {
    "fields": {
      "first_name": "Amir",
      "first_name_ar": null,
      "first_name_en": "Amir",
      "first_name_he": null,
      "last_name": "Ashur",
      "last_name_ar": null,
      "last_name_en": "Ashur",
      "last_name_he": null
    },
    "model": "footnotes.creator"
  },
  {
    "fields": {
      "edition": null,
      "issue": null,
      "journal": "",
      "languages": [3],
      "notes": "Created from PGPID 5558",
      "other_info": "",
      "page_range": "",
      "place_published": "",
      "publisher": "",
      "source_type": 1,
      "title": "In the Kingdom of Ishmael",
      "title_ar": null,
      "title_en": "In the Kingdom of Ishmael",
      "title_he": null,
      "url": "",
      "volume": "2",
      "year": null
    },
    "model": "footnotes.source",
    "pk": 11
  },
  {
    "fields": {
      "first_name": "Moshe",
      "first_name_ar": null,
      "first_name_en": "Moshe",
      "first_name_he": "משה",
      "last_name": "Gil",
      "last_name_ar": null,
      "last_name_en": "Gil",
      "last_name_he": "גיל"
    },
    "model": "footnotes.creator"
  },
  {
    "fields": {
      "edition": null,
      "issue": null,
      "journal": "",
      "languages": [1],
      "notes": "Created from PGPID 19732",
      "other_info": "",
      "page_range": "",
      "place_published": "Cambridge",
      "publisher": "Cambridge University Press",
      "source_type": 1,
      "title": "Arabic Legal and Administrative Documents in the Cambridge Genizah Collections",
      "title_ar": null,
      "title_en": "Arabic Legal and Administrative Documents in the Cambridge Genizah Collections",
      "title_he": null,
      "url": "",
      "volume": "",
      "year": 1993
    },
    "model": "footnotes.source",
    "pk": 135
  },
  {
    "fields": {
      "first_name": "Geoffrey",
      "first_name_ar": null,
      "first_name_en": "Geoffrey",
      "first_name_he": null,
      "last_name": "Khan",
      "last_name_ar": null,
      "last_name_en": "Khan",
      "last_name_he": null
    },
    "model": "footnotes.creator"
  },
  {
    "fields": {
      "edition": null,
      "issue": null,
      "journal": "",
      "languages": [3],
      "notes": "Created from PGPID 5566",
      "other_info": "PhD diss. Tel Aviv University",
      "page_range": "",
      "place_published": "",
      "publisher": "PhD diss. Tel Aviv University",
      "source_type": 4,
      "title": "Eleventh Century Arabic Letters of Jewish Merchants from the Cairo Geniza",
      "title_ar": null,
      "title_en": "Eleventh Century Arabic Letters of Jewish Merchants from the Cairo Geniza",
      "title_he": null,
      "url": "",
      "volume": "",
      "year": 1992
    },
    "model": "footnotes.source",
    "pk": 21
  },
  {
    "fields": {
      "first_name": "Ṣabīḥ",
      "first_name_ar": null,
      "first_name_en": "Ṣabīḥ",
      "first_name_he": null,
      "last_name": "ʿAodeh",
      "last_name_ar": null,
      "last_name_en": "ʿAodeh",
      "last_name_he": null
    },
    "model": "footnotes.creator"
  },
  {
    "fields": {
      "edition": null,
      "issue": null,
      "journal": "",
      "languages": [],
      "notes": "",
      "other_info": "",
      "page_range": "",
      "place_published": "",
      "publisher": "",
      "source_type": 3,
      "title": "unpublished editions",
      "title_ar": null,
      "title_en": "unpublished editions",
      "title_he": null,
      "url": "",
      "volume": "T-S 10",
      "year": null
    },
    "model": "footnotes.source",
    "pk": 762
  },
  {
    "fields": {
      "edition": null,
      "issue": null,
      "journal": "",
      "languages": [1],
      "notes": "Created from PGPID 30820",
      "other_info": "",
      "page_range": "",
      "place_published": "",
      "publisher": "",
      "source_type": 3,
      "title": null,
      "title_ar": null,
      "title_en": null,
      "title_he": null,
      "url": "",
      "volume": "",
      "year": null
    },
    "model": "footnotes.source",
    "pk": 263
  },
  {
    "fields": {
      "edition": null,
      "issue": null,
      "journal": "",
      "languages": [],
      "notes": "Created from PGPID 448",
      "other_info": "",
      "page_range": "",
      "place_published": "",
      "publisher": "",
      "source_type": 3,
      "title": "",
      "title_ar": null,
      "title_en": "",
      "title_he": null,
      "url": "",
      "volume": "",
      "year": 1983
    },
    "model": "footnotes.source",
    "pk": 12
  },
  {
    "fields": {
      "first_name": "Mark",
      "first_name_ar": null,
      "first_name_en": "Mark",
      "first_name_he": null,
      "last_name": "Cohen",
      "last_name_ar": null,
      "last_name_en": "Cohen",
      "last_name_he": null
    },
    "model": "footnotes.creator"
  },
  {
    "fields": {
      "edition": null,
      "issue": null,
      "journal": "",
      "languages": [1],
      "notes": "Created from PGPID 6221",
      "other_info": "",
      "page_range": "",
      "place_published": "",
      "publisher": "",
      "source_type": 3,
      "title": null,
      "title_ar": null,
      "title_en": null,
      "title_he": null,
      "url": "",
      "volume": "",
      "year": 2019
    },
    "model": "footnotes.source",
    "pk": 35
  },
  {
    "fields": {
      "first_name": "Alan",
      "first_name_ar": null,
      "first_name_en": "Alan",
      "first_name_he": null,
      "last_name": "Elbaum",
      "last_name_ar": null,
      "last_name_en": "Elbaum",
      "last_name_he": null
    },
    "model": "footnotes.creator"
  },
  {
    "fields": {
      "edition": null,
      "issue": null,
      "journal": "",
      "languages": [],
      "notes": "",
      "other_info": "",
      "page_range": "",
      "place_published": "",
      "publisher": "",
      "source_type": 3,
      "title": "unpublished editions",
      "title_ar": null,
      "title_en": "unpublished editions",
      "title_he": null,
      "url": "",
      "volume": "T-S 8J",
      "year": null
    },
    "model": "footnotes.source",
    "pk": 737
  },
  {
    "fields": {
      "edition": null,
      "issue": null,
      "journal": "",
      "languages": [],
      "notes": "Created from PGPID 3504",
      "other_info": "",
      "page_range": "",
      "place_published": "",
      "publisher": "",
      "source_type": 3,
      "title": "",
      "title_ar": null,
      "title_en": "",
      "title_he": null,
      "url": "",
      "volume": "",
      "year": null
    },
    "model": "footnotes.source",
    "pk": 490
  },
  {
    "fields": {
      "first_name": "Craig",
      "first_name_ar": null,
      "first_name_en": "Craig",
      "first_name_he": null,
      "last_name": "Perry",
      "last_name_ar": null,
      "last_name_en": "Perry",
      "last_name_he": null
    },
    "model": "footnotes.creator"
  },
  {
    "fields": {
      "edition": null,
      "issue": null,
      "journal": "",
      "languages": [1],
      "notes": "Created from PGPID 30961",
      "other_info": "",
      "page_range": "",
      "place_published": "",
      "publisher": "",
      "source_type": 3,
      "title": null,
      "title_ar": null,
      "title_en": null,
      "title_he": null,
      "url": "",
      "volume": "",
      "year": null
    },
    "model": "footnotes.source",
    "pk": 22
  },
  {
    "fields": {
      "first_name": "Marina",
      "first_name_ar": null,
      "first_name_en": "Marina",
      "first_name_he": null,
      "last_name": "Rustow",
      "last_name_ar": null,
      "last_name_en": "Rustow",
      "last_name_he": null
    },
    "model": "footnotes.creator"
  },
  {
    "fields": {
      "edition": null,
      "issue": null,
      "journal": "",
      "languages": [],
      "notes": "",
      "other_info": "",
      "page_range": "",
      "place_published": "",
      "publisher": "",
      "source_type": 3,
      "title": "unpublished editions",
      "title_ar": null,
      "title_en": "unpublished editions",
      "title_he": null,
      "url": "",
      "volume": "Bodl.",
      "year": null
    },
    "model": "footnotes.source",
    "pk": 743
  },
  {
    "fields": {
      "first_name": "S. D.",
      "first_name_ar": null,
      "first_name_en": "S. D.",
      "first_name_he": null,
      "last_name": "Goitein",
      "last_name_ar": null,
      "last_name_en": "Goitein",
      "last_name_he": null
    },
    "model": "footnotes.creator"
  },
  {
    "fields": {
      "creator": ["Vanthieghem", "Naïm"],
      "sort_order": 2,
      "source": 263
    },
    "model": "footnotes.authorship",
    "pk": 383
  },
  {
    "fields": {
      "creator": ["Goitein", "S. D."],
      "sort_order": 1,
      "source": 25
    },
    "model": "footnotes.authorship",
    "pk": 28
  },
  {
    "fields": {
      "creator": ["Goitein", "S. D."],
      "sort_order": 1,
      "source": 736
    },
    "model": "footnotes.authorship",
    "pk": 1135
  },
  {
    "fields": {
      "creator": ["Goitein", "S. D."],
      "sort_order": 1,
      "source": 740
    },
    "model": "footnotes.authorship",
    "pk": 1139
  },
  {
    "fields": {
      "creator": ["Goitein", "S. D."],
      "sort_order": 1,
      "source": 856
    },
    "model": "footnotes.authorship",
    "pk": 1256
  },
  {
    "fields": {
      "creator": ["Goitein", "S. D."],
      "sort_order": 1,
      "source": 836
    },
    "model": "footnotes.authorship",
    "pk": 1236
  },
  {
    "fields": {
      "creator": ["Goitein", "S. D."],
      "sort_order": 1,
      "source": 831
    },
    "model": "footnotes.authorship",
    "pk": 1231
  },
  {
    "fields": {
      "creator": ["Goitein", "S. D."],
      "sort_order": 1,
      "source": 853
    },
    "model": "footnotes.authorship",
    "pk": 1253
  },
  {
    "fields": {
      "creator": ["Goitein", "S. D."],
      "sort_order": 1,
      "source": 826
    },
    "model": "footnotes.authorship",
    "pk": 1226
  },
  {
    "fields": {
      "creator": ["Goitein", "S. D."],
      "sort_order": 1,
      "source": 855
    },
    "model": "footnotes.authorship",
    "pk": 1255
  },
  {
    "fields": {
      "creator": ["Ben-Sasson", "Menahem"],
      "sort_order": 1,
      "source": 65
    },
    "model": "footnotes.authorship",
    "pk": 79
  },
  {
    "fields": {
      "creator": ["Arad", "Dotan"],
      "sort_order": 1,
      "source": 770
    },
    "model": "footnotes.authorship",
    "pk": 1171
  },
  {
    "fields": {
      "creator": ["Gil", "Moshe"],
      "sort_order": 1,
      "source": 3
    },
    "model": "footnotes.authorship",
    "pk": 4
  },
  {
    "fields": {
      "creator": ["Olszowy-Schlanger", "Judith"],
      "sort_order": 1,
      "source": 768
    },
    "model": "footnotes.authorship",
    "pk": 1169
  },
  {
    "fields": {
      "creator": ["Ashur", "Amir"],
      "sort_order": 1,
      "source": 7
    },
    "model": "footnotes.authorship",
    "pk": 8
  },
  {
    "fields": {
      "creator": ["Gil", "Moshe"],
      "sort_order": 1,
      "source": 11
    },
    "model": "footnotes.authorship",
    "pk": 13
  },
  {
    "fields": {
      "creator": ["Khan", "Geoffrey"],
      "sort_order": 1,
      "source": 135
    },
    "model": "footnotes.authorship",
    "pk": 182
  },
  {
    "fields": {
      "creator": ["ʿAodeh", "Ṣabīḥ"],
      "sort_order": 1,
      "source": 21
    },
    "model": "footnotes.authorship",
    "pk": 24
  },
  {
    "fields": {
      "creator": ["Goitein", "S. D."],
      "sort_order": 1,
      "source": 762
    },
    "model": "footnotes.authorship",
    "pk": 1161
  },
  {
    "fields": {
      "creator": ["Rustow", "Marina"],
      "sort_order": 1,
      "source": 263
    },
    "model": "footnotes.authorship",
    "pk": 382
  },
  {
    "fields": {
      "creator": ["Cohen", "Mark"],
      "sort_order": 1,
      "source": 12
    },
    "model": "footnotes.authorship",
    "pk": 14
  },
  {
    "fields": {
      "creator": ["Elbaum", "Alan"],
      "sort_order": 1,
      "source": 35
    },
    "model": "footnotes.authorship",
    "pk": 39
  },
  {
    "fields": {
      "creator": ["Goitein", "S. D."],
      "sort_order": 1,
      "source": 737
    },
    "model": "footnotes.authorship",
    "pk": 1136
  },
  {
    "fields": {
      "creator": ["Perry", "Craig"],
      "sort_order": 1,
      "source": 490
    },
    "model": "footnotes.authorship",
    "pk": 729
  },
  {
    "fields": {
      "creator": ["Rustow", "Marina"],
      "sort_order": 1,
      "source": 22
    },
    "model": "footnotes.authorship",
    "pk": 25
  },
  {
    "fields": {
      "creator": ["Goitein", "S. D."],
      "sort_order": 1,
      "source": 743
    },
    "model": "footnotes.authorship",
    "pk": 1142
  },
  {
    "fields": {
      "extra_data": "{\"rendering\":[{\"@id\":\"https://figgy.princeton.edu/downloads/d09a52f3-db12-4cf0-8405-ac8fd550cc33/file/be4abec2-822e-4235-9976-59a3dc91050e\",\"label\":\"Download the original file\",\"format\":\"image/tiff\"}],\"width\":4008,\"height\":5344}",
      "iiif_image_id": "https://iiif-cloud.princeton.edu/iiif/2/cc%2F59%2F31%2Fcc5931250cc7435f8ea7fcfe8f618e23%2Fintermediate_file",
      "label": "verso",
      "manifest": 11360,
      "order": 1,
      "short_id": "d09a52f3-db12-4cf0-8405-ac8fd550cc33",
      "thumbnail": false,
      "uri": "https://figgy.princeton.edu/concern/scanned_resources/c3441638-b22f-46b7-b6a9-1301f6155c3e/manifest/canvas/d09a52f3-db12-4cf0-8405-ac8fd550cc33"
    },
    "model": "djiffy.canvas",
    "pk": 23369
  },
  {
    "fields": {
      "extra_data": "{\"rendering\":[{\"@id\":\"https://figgy.princeton.edu/downloads/3e072707-6d31-4b66-a57f-0836a29a31d6/file/b50fb68c-c3d7-4789-8148-5c6ac8d8b55c\",\"label\":\"Download the original file\",\"format\":\"image/tiff\"}],\"width\":4008,\"height\":5344}",
      "iiif_image_id": "https://iiif-cloud.princeton.edu/iiif/2/98%2Fcd%2Fb9%2F98cdb9cbdef04e5d935e12eea7b574d2%2Fintermediate_file",
      "label": "recto",
      "manifest": 11360,
      "order": 0,
      "short_id": "3e072707-6d31-4b66-a57f-0836a29a31d6",
      "thumbnail": true,
      "uri": "https://figgy.princeton.edu/concern/scanned_resources/c3441638-b22f-46b7-b6a9-1301f6155c3e/manifest/canvas/3e072707-6d31-4b66-a57f-0836a29a31d6"
    },
    "model": "djiffy.canvas",
    "pk": 23368
  },
  {
    "fields": {
      "extra_data": "{\"rendering\":[{\"@id\":\"https://figgy.princeton.edu/downloads/00fb7e2f-c3f6-4954-afc2-5e4011b5889f/file/3279b0e4-87f1-4fdb-87cc-535d4ce02d43\",\"label\":\"Download the original file\",\"format\":\"image/tiff\"}],\"width\":5428,\"height\":7230}",
      "iiif_image_id": "https://iiif-cloud.princeton.edu/iiif/2/03%2F50%2Fc8%2F0350c874505149eaace3ce19aea35503%2Fintermediate_file",
      "label": "2",
      "manifest": 11842,
      "order": 1,
      "short_id": "00fb7e2f-c3f6-4954-afc2-5e4011b5889f",
      "thumbnail": false,
      "uri": "https://figgy.princeton.edu/concern/scanned_resources/4069f1b9-d29d-43e7-ac57-a39ff2d073a4/manifest/canvas/00fb7e2f-c3f6-4954-afc2-5e4011b5889f"
    },
    "model": "djiffy.canvas",
    "pk": 24327
  },
  {
    "fields": {
      "extra_data": "{\"rendering\":[{\"@id\":\"https://figgy.princeton.edu/downloads/f9be5c9e-9275-413d-81da-dcb700a3429e/file/68128cd8-1548-4e68-9c6a-c5ef99a1edd5\",\"label\":\"Download the original file\",\"format\":\"image/tiff\"}],\"width\":5428,\"height\":7230}",
      "iiif_image_id": "https://iiif-cloud.princeton.edu/iiif/2/85%2Fdb%2F9a%2F85db9a586e4f468091753da3fa020e0f%2Fintermediate_file",
      "label": "1",
      "manifest": 11842,
      "order": 0,
      "short_id": "f9be5c9e-9275-413d-81da-dcb700a3429e",
      "thumbnail": true,
      "uri": "https://figgy.princeton.edu/concern/scanned_resources/4069f1b9-d29d-43e7-ac57-a39ff2d073a4/manifest/canvas/f9be5c9e-9275-413d-81da-dcb700a3429e"
    },
    "model": "djiffy.canvas",
    "pk": 24326
  },
  {
    "fields": {
      "extra_data": "{\"rendering\":[{\"@id\":\"https://figgy.princeton.edu/downloads/e36dc9fe-45d6-43c9-b351-4bbd52e3e2c0/file/ad5d9ec6-299b-4eec-ac72-cc8b27dfd465\",\"label\":\"Download the original file\",\"format\":\"image/tiff\"}],\"width\":4992,\"height\":6666}",
      "iiif_image_id": "https://iiif-cloud.princeton.edu/iiif/2/00%2F37%2F44%2F003744fd32454b3fa2a81106a99dce86%2Fintermediate_file",
      "label": "verso",
      "manifest": 10608,
      "order": 1,
      "short_id": "e36dc9fe-45d6-43c9-b351-4bbd52e3e2c0",
      "thumbnail": false,
      "uri": "https://figgy.princeton.edu/concern/scanned_resources/12a80dcc-1433-4230-9677-e3a83c4880cd/manifest/canvas/e36dc9fe-45d6-43c9-b351-4bbd52e3e2c0"
    },
    "model": "djiffy.canvas",
    "pk": 21865
  },
  {
    "fields": {
      "extra_data": "{\"rendering\":[{\"@id\":\"https://figgy.princeton.edu/downloads/ea6e86cb-c6f7-469b-80e6-d41f84aa0e35/file/887d8c55-81e6-4457-a63c-5665c099310d\",\"label\":\"Download the original file\",\"format\":\"image/tiff\"}],\"width\":4992,\"height\":6666}",
      "iiif_image_id": "https://iiif-cloud.princeton.edu/iiif/2/86%2F0a%2F3d%2F860a3dc84db0451faa68a764138bf2db%2Fintermediate_file",
      "label": "recto",
      "manifest": 10608,
      "order": 0,
      "short_id": "ea6e86cb-c6f7-469b-80e6-d41f84aa0e35",
      "thumbnail": true,
      "uri": "https://figgy.princeton.edu/concern/scanned_resources/12a80dcc-1433-4230-9677-e3a83c4880cd/manifest/canvas/ea6e86cb-c6f7-469b-80e6-d41f84aa0e35"
    },
    "model": "djiffy.canvas",
    "pk": 21864
  },
  {
    "fields": {
      "extra_data": "{\"rendering\":[{\"@id\":\"https://figgy.princeton.edu/downloads/4ac80196-9379-43f4-b4b1-45f5e2d89139/file/3e46cf8c-192f-4501-a43e-b28cbc2ed998\",\"label\":\"Download the original file\",\"format\":\"image/tiff\"}],\"width\":5428,\"height\":7230}",
      "iiif_image_id": "https://iiif-cloud.princeton.edu/iiif/2/dd%2F89%2F53%2Fdd89533de81e4030bb7b5edbe5c67ab3%2Fintermediate_file",
      "label": "2",
      "manifest": 14035,
      "order": 1,
      "short_id": "4ac80196-9379-43f4-b4b1-45f5e2d89139",
      "thumbnail": false,
      "uri": "https://figgy.princeton.edu/concern/scanned_resources/fd1a6b4c-c7e6-4920-bda5-2306cbb3f6e2/manifest/canvas/4ac80196-9379-43f4-b4b1-45f5e2d89139"
    },
    "model": "djiffy.canvas",
    "pk": 28921
  },
  {
    "fields": {
      "extra_data": "{\"rendering\":[{\"@id\":\"https://figgy.princeton.edu/downloads/bc6ec784-c91d-41bb-a0c3-9bf613e9b238/file/39a0db88-199f-4531-b980-d2408d92c291\",\"label\":\"Download the original file\",\"format\":\"image/tiff\"}],\"width\":5428,\"height\":7230}",
      "iiif_image_id": "https://iiif-cloud.princeton.edu/iiif/2/4f%2F96%2F65%2F4f96655581984b13a157568df37bae98%2Fintermediate_file",
      "label": "1",
      "manifest": 14035,
      "order": 0,
      "short_id": "bc6ec784-c91d-41bb-a0c3-9bf613e9b238",
      "thumbnail": true,
      "uri": "https://figgy.princeton.edu/concern/scanned_resources/fd1a6b4c-c7e6-4920-bda5-2306cbb3f6e2/manifest/canvas/bc6ec784-c91d-41bb-a0c3-9bf613e9b238"
    },
    "model": "djiffy.canvas",
    "pk": 28920
  },
  {
    "fields": {
      "extra_data": "{\"rendering\":[{\"@id\":\"https://figgy.princeton.edu/downloads/646a4f5f-c311-4df1-ae27-90b9be4a5586/file/5249ff60-690c-4c2d-abdc-dad08aeb2a1f\",\"label\":\"Download the original file\",\"format\":\"image/tiff\"}],\"width\":7230,\"height\":5428}",
      "iiif_image_id": "https://iiif-cloud.princeton.edu/iiif/2/f9%2Fa3%2Ff8%2Ff9a3f85bacf042e8b1477d8d1936f136%2Fintermediate_file",
      "label": "2",
      "manifest": 12331,
      "order": 1,
      "short_id": "646a4f5f-c311-4df1-ae27-90b9be4a5586",
      "thumbnail": false,
      "uri": "https://figgy.princeton.edu/concern/scanned_resources/40be59a7-e77c-4534-8e87-c0137c7789c8/manifest/canvas/646a4f5f-c311-4df1-ae27-90b9be4a5586"
    },
    "model": "djiffy.canvas",
    "pk": 25307
  },
  {
    "fields": {
      "extra_data": "{\"rendering\":[{\"@id\":\"https://figgy.princeton.edu/downloads/229e359f-b177-4ef2-9840-5d0437e5c429/file/b9cdbdb2-f0b7-4b7b-bc04-a2f987be2d5b\",\"label\":\"Download the original file\",\"format\":\"image/tiff\"}],\"width\":7230,\"height\":5428}",
      "iiif_image_id": "https://iiif-cloud.princeton.edu/iiif/2/10%2F83%2F7e%2F10837e6e60094fabae86e1d21c304919%2Fintermediate_file",
      "label": "1",
      "manifest": 12331,
      "order": 0,
      "short_id": "229e359f-b177-4ef2-9840-5d0437e5c429",
      "thumbnail": true,
      "uri": "https://figgy.princeton.edu/concern/scanned_resources/40be59a7-e77c-4534-8e87-c0137c7789c8/manifest/canvas/229e359f-b177-4ef2-9840-5d0437e5c429"
    },
    "model": "djiffy.canvas",
    "pk": 25306
  },
  {
    "fields": {
      "extra_data": "{\"width\":5868,\"height\":7322}",
      "iiif_image_id": "https://images.lib.cam.ac.uk/iiif/MS-TS-00013-J-00035-00003-000-00002.jp2",
      "label": "1v",
      "manifest": 2007,
      "order": 1,
      "short_id": "2",
      "thumbnail": false,
      "uri": "https://cudl.lib.cam.ac.uk/iiif/MS-TS-00013-J-00035-00003/canvas/2"
    },
    "model": "djiffy.canvas",
    "pk": 4138
  },
  {
    "fields": {
      "extra_data": "{\"width\":6023,\"height\":7980}",
      "iiif_image_id": "https://images.lib.cam.ac.uk/iiif/MS-TS-00013-J-00035-00003-000-00001.jp2",
      "label": "1r",
      "manifest": 2007,
      "order": 0,
      "short_id": "1",
      "thumbnail": false,
      "uri": "https://cudl.lib.cam.ac.uk/iiif/MS-TS-00013-J-00035-00003/canvas/1"
    },
    "model": "djiffy.canvas",
    "pk": 4137
  },
  {
    "fields": {
      "extra_data": "{\"width\":1832,\"height\":2080}",
      "iiif_image_id": "https://images.lib.cam.ac.uk/iiif/MS-TS-AS-00135-00053-000-00002.jp2",
      "label": "1v",
      "manifest": 5903,
      "order": 1,
      "short_id": "2",
      "thumbnail": false,
      "uri": "https://cudl.lib.cam.ac.uk/iiif/MS-TS-AS-00135-00053/canvas/2"
    },
    "model": "djiffy.canvas",
    "pk": 12327
  },
  {
    "fields": {
      "extra_data": "{\"width\":1904,\"height\":2048}",
      "iiif_image_id": "https://images.lib.cam.ac.uk/iiif/MS-TS-AS-00135-00053-000-00001.jp2",
      "label": "1r",
      "manifest": 5903,
      "order": 0,
      "short_id": "1",
      "thumbnail": false,
      "uri": "https://cudl.lib.cam.ac.uk/iiif/MS-TS-AS-00135-00053/canvas/1"
    },
    "model": "djiffy.canvas",
    "pk": 12326
  },
  {
    "fields": {
      "extra_data": "{\"width\":3133,\"height\":5702}",
      "iiif_image_id": "https://images.lib.cam.ac.uk/iiif/MS-TS-AR-00030-00245-000-00002.jp2",
      "label": "1v",
      "manifest": 6750,
      "order": 1,
      "short_id": "2",
      "thumbnail": false,
      "uri": "https://cudl.lib.cam.ac.uk/iiif/MS-TS-AR-00030-00245/canvas/2"
    },
    "model": "djiffy.canvas",
    "pk": 14084
  },
  {
    "fields": {
      "extra_data": "{\"width\":3097,\"height\":5726}",
      "iiif_image_id": "https://images.lib.cam.ac.uk/iiif/MS-TS-AR-00030-00245-000-00001.jp2",
      "label": "1r",
      "manifest": 6750,
      "order": 0,
      "short_id": "1",
      "thumbnail": false,
      "uri": "https://cudl.lib.cam.ac.uk/iiif/MS-TS-AR-00030-00245/canvas/1"
    },
    "model": "djiffy.canvas",
    "pk": 14083
  },
  {
    "fields": {
      "extra_data": "{\"width\":3536,\"height\":4472}",
      "iiif_image_id": "https://images.lib.cam.ac.uk/iiif/MS-TS-AR-00030-00129-000-00002.jp2",
      "label": "1v",
      "manifest": 78,
      "order": 1,
      "short_id": "2",
      "thumbnail": false,
      "uri": "https://cudl.lib.cam.ac.uk/iiif/MS-TS-AR-00030-00129/canvas/2"
    },
    "model": "djiffy.canvas",
    "pk": 166
  },
  {
    "fields": {
      "extra_data": "{\"width\":3529,\"height\":4363}",
      "iiif_image_id": "https://images.lib.cam.ac.uk/iiif/MS-TS-AR-00030-00129-000-00001.jp2",
      "label": "1r",
      "manifest": 78,
      "order": 0,
      "short_id": "1",
      "thumbnail": false,
      "uri": "https://cudl.lib.cam.ac.uk/iiif/MS-TS-AR-00030-00129/canvas/1"
    },
    "model": "djiffy.canvas",
    "pk": 165
  },
  {
    "fields": {
      "extra_data": "{\"width\":3511,\"height\":5207}",
      "iiif_image_id": "https://images.lib.cam.ac.uk/iiif/MS-TS-00008-J-00005-00001-000-00004.jp2",
      "label": "2v",
      "manifest": 5695,
      "order": 3,
      "short_id": "4",
      "thumbnail": false,
      "uri": "https://cudl.lib.cam.ac.uk/iiif/MS-TS-00008-J-00005-00001/canvas/4"
    },
    "model": "djiffy.canvas",
    "pk": 11851
  },
  {
    "fields": {
      "extra_data": "{\"width\":3684,\"height\":5144}",
      "iiif_image_id": "https://images.lib.cam.ac.uk/iiif/MS-TS-00008-J-00005-00001-000-00003.jp2",
      "label": "2r",
      "manifest": 5695,
      "order": 2,
      "short_id": "3",
      "thumbnail": false,
      "uri": "https://cudl.lib.cam.ac.uk/iiif/MS-TS-00008-J-00005-00001/canvas/3"
    },
    "model": "djiffy.canvas",
    "pk": 11850
  },
  {
    "fields": {
      "extra_data": "{\"width\":3653,\"height\":5309}",
      "iiif_image_id": "https://images.lib.cam.ac.uk/iiif/MS-TS-00008-J-00005-00001-000-00002.jp2",
      "label": "1v",
      "manifest": 5695,
      "order": 1,
      "short_id": "2",
      "thumbnail": false,
      "uri": "https://cudl.lib.cam.ac.uk/iiif/MS-TS-00008-J-00005-00001/canvas/2"
    },
    "model": "djiffy.canvas",
    "pk": 11849
  },
  {
    "fields": {
      "extra_data": "{\"width\":3779,\"height\":5294}",
      "iiif_image_id": "https://images.lib.cam.ac.uk/iiif/MS-TS-00008-J-00005-00001-000-00001.jp2",
      "label": "1r",
      "manifest": 5695,
      "order": 0,
      "short_id": "1",
      "thumbnail": false,
      "uri": "https://cudl.lib.cam.ac.uk/iiif/MS-TS-00008-J-00005-00001/canvas/1"
    },
    "model": "djiffy.canvas",
    "pk": 11848
  },
  {
    "fields": {
      "extra_data": "{\"width\":5742,\"height\":8944}",
      "iiif_image_id": "https://images.lib.cam.ac.uk/iiif/MS-TS-00018-J-00001-00017-000-00002.jp2",
      "label": "1v",
      "manifest": 2972,
      "order": 1,
      "short_id": "2",
      "thumbnail": false,
      "uri": "https://cudl.lib.cam.ac.uk/iiif/MS-TS-00018-J-00001-00017/canvas/2"
    },
    "model": "djiffy.canvas",
    "pk": 6150
  },
  {
    "fields": {
      "extra_data": "{\"width\":6163,\"height\":8944}",
      "iiif_image_id": "https://images.lib.cam.ac.uk/iiif/MS-TS-00018-J-00001-00017-000-00001.jp2",
      "label": "1r",
      "manifest": 2972,
      "order": 0,
      "short_id": "1",
      "thumbnail": false,
      "uri": "https://cudl.lib.cam.ac.uk/iiif/MS-TS-00018-J-00001-00017/canvas/1"
    },
    "model": "djiffy.canvas",
    "pk": 6149
  },
  {
    "fields": {
      "extra_data": "{\"width\":5862,\"height\":8354}",
      "iiif_image_id": "https://images.lib.cam.ac.uk/iiif/MS-TS-00018-J-00001-00001-000-00002.jp2",
      "label": "1v",
      "manifest": 6885,
      "order": 1,
      "short_id": "2",
      "thumbnail": false,
      "uri": "https://cudl.lib.cam.ac.uk/iiif/MS-TS-00018-J-00001-00001/canvas/2"
    },
    "model": "djiffy.canvas",
    "pk": 14360
  },
  {
    "fields": {
      "extra_data": "{\"width\":5477,\"height\":8366}",
      "iiif_image_id": "https://images.lib.cam.ac.uk/iiif/MS-TS-00018-J-00001-00001-000-00001.jp2",
      "label": "1r",
      "manifest": 6885,
      "order": 0,
      "short_id": "1",
      "thumbnail": false,
      "uri": "https://cudl.lib.cam.ac.uk/iiif/MS-TS-00018-J-00001-00001/canvas/1"
    },
    "model": "djiffy.canvas",
    "pk": 14359
  },
  {
    "fields": {
      "extra_data": "{\"width\":3888,\"height\":5459}",
      "iiif_image_id": "https://images.lib.cam.ac.uk/iiif/MS-TS-00010-J-00022-00006-000-00004.jp2",
      "label": "2v",
      "manifest": 1311,
      "order": 3,
      "short_id": "4",
      "thumbnail": false,
      "uri": "https://cudl.lib.cam.ac.uk/iiif/MS-TS-00010-J-00022-00006/canvas/4"
    },
    "model": "djiffy.canvas",
    "pk": 2732
  },
  {
    "fields": {
      "extra_data": "{\"width\":4094,\"height\":5459}",
      "iiif_image_id": "https://images.lib.cam.ac.uk/iiif/MS-TS-00010-J-00022-00006-000-00003.jp2",
      "label": "2r",
      "manifest": 1311,
      "order": 2,
      "short_id": "3",
      "thumbnail": false,
      "uri": "https://cudl.lib.cam.ac.uk/iiif/MS-TS-00010-J-00022-00006/canvas/3"
    },
    "model": "djiffy.canvas",
    "pk": 2731
  },
  {
    "fields": {
      "extra_data": "{\"width\":3869,\"height\":5646}",
      "iiif_image_id": "https://images.lib.cam.ac.uk/iiif/MS-TS-00010-J-00022-00006-000-00002.jp2",
      "label": "1v",
      "manifest": 1311,
      "order": 1,
      "short_id": "2",
      "thumbnail": false,
      "uri": "https://cudl.lib.cam.ac.uk/iiif/MS-TS-00010-J-00022-00006/canvas/2"
    },
    "model": "djiffy.canvas",
    "pk": 2730
  },
  {
    "fields": {
      "extra_data": "{\"width\":3800,\"height\":5381}",
      "iiif_image_id": "https://images.lib.cam.ac.uk/iiif/MS-TS-00010-J-00022-00006-000-00001.jp2",
      "label": "1r",
      "manifest": 1311,
      "order": 0,
      "short_id": "1",
      "thumbnail": false,
      "uri": "https://cudl.lib.cam.ac.uk/iiif/MS-TS-00010-J-00022-00006/canvas/1"
    },
    "model": "djiffy.canvas",
    "pk": 2729
  },
  {
    "fields": {
      "extra_data": "{\"width\":4428,\"height\":6382}",
      "iiif_image_id": "https://images.lib.cam.ac.uk/iiif/MS-TS-00010-J-00012-00016-000-00002.jp2",
      "label": "1v",
      "manifest": 2409,
      "order": 1,
      "short_id": "2",
      "thumbnail": false,
      "uri": "https://cudl.lib.cam.ac.uk/iiif/MS-TS-00010-J-00012-00016/canvas/2"
    },
    "model": "djiffy.canvas",
    "pk": 4960
  },
  {
    "fields": {
      "extra_data": "{\"width\":4811,\"height\":6765}",
      "iiif_image_id": "https://images.lib.cam.ac.uk/iiif/MS-TS-00010-J-00012-00016-000-00001.jp2",
      "label": "1r",
      "manifest": 2409,
      "order": 0,
      "short_id": "1",
      "thumbnail": false,
      "uri": "https://cudl.lib.cam.ac.uk/iiif/MS-TS-00010-J-00012-00016/canvas/1"
    },
    "model": "djiffy.canvas",
    "pk": 4959
  },
  {
    "fields": {
      "extra_data": "{\"rendering\":[{\"@id\":\"https://figgy.princeton.edu/downloads/93e27c60-6d54-4ae6-995f-203e69d31b3d/file/8889b2f7-64db-4d19-adfb-d29b819d5ed8\",\"label\":\"Download the original file\",\"format\":\"image/tiff\"}],\"width\":4992,\"height\":6666}",
      "iiif_image_id": "https://iiif-cloud.princeton.edu/iiif/2/32%2Fc0%2F85%2F32c085ff598a43f48ac0c4a32116cd1b%2Fintermediate_file",
      "label": "verso",
      "manifest": 10607,
      "order": 1,
      "short_id": "93e27c60-6d54-4ae6-995f-203e69d31b3d",
      "thumbnail": false,
      "uri": "https://figgy.princeton.edu/concern/scanned_resources/50a29467-9298-4e4e-994d-9064dd7de49e/manifest/canvas/93e27c60-6d54-4ae6-995f-203e69d31b3d"
    },
    "model": "djiffy.canvas",
    "pk": 21863
  },
  {
    "fields": {
      "extra_data": "{\"rendering\":[{\"@id\":\"https://figgy.princeton.edu/downloads/b7eb8d50-b95c-4cb4-8b3b-0cb4556a3055/file/d08226a9-39b1-45f9-a7c5-9dfa59f41403\",\"label\":\"Download the original file\",\"format\":\"image/tiff\"}],\"width\":4992,\"height\":6666}",
      "iiif_image_id": "https://iiif-cloud.princeton.edu/iiif/2/9a%2F6e%2Fb9%2F9a6eb9ec627b4714876ab8322103fb27%2Fintermediate_file",
      "label": "recto",
      "manifest": 10607,
      "order": 0,
      "short_id": "b7eb8d50-b95c-4cb4-8b3b-0cb4556a3055",
      "thumbnail": true,
      "uri": "https://figgy.princeton.edu/concern/scanned_resources/50a29467-9298-4e4e-994d-9064dd7de49e/manifest/canvas/b7eb8d50-b95c-4cb4-8b3b-0cb4556a3055"
    },
    "model": "djiffy.canvas",
    "pk": 21862
  },
  {
    "fields": {
      "extra_data": "{\"width\":5105,\"height\":6390}",
      "iiif_image_id": "https://images.lib.cam.ac.uk/iiif/MS-OR-01080-00001-00064-000-00002.jp2",
      "label": "1v",
      "manifest": 5809,
      "order": 1,
      "short_id": "2",
      "thumbnail": false,
      "uri": "https://cudl.lib.cam.ac.uk/iiif/MS-OR-01080-00001-00064/canvas/2"
    },
    "model": "djiffy.canvas",
    "pk": 12085
  },
  {
    "fields": {
      "extra_data": "{\"width\":5171,\"height\":6356}",
      "iiif_image_id": "https://images.lib.cam.ac.uk/iiif/MS-OR-01080-00001-00064-000-00001.jp2",
      "label": "1r",
      "manifest": 5809,
      "order": 0,
      "short_id": "1",
      "thumbnail": false,
      "uri": "https://cudl.lib.cam.ac.uk/iiif/MS-OR-01080-00001-00064/canvas/1"
    },
    "model": "djiffy.canvas",
    "pk": 12084
  },
  {
    "fields": {
      "content_type": ["corpus", "document"],
      "doc_relation": "E",
      "location": "#013",
      "location_sort": "#000013",
      "notes": "",
      "object_id": 5626,
      "source": 11,
      "url": ""
    },
    "model": "footnotes.footnote",
    "pk": 544
  },
  {
    "fields": {
      "content_type": ["corpus", "document"],
      "doc_relation": "E",
      "location": "",
      "location_sort": "",
      "notes": "12/2019 (incorporating partial transcription on Goitein’s note card)",
      "object_id": 8151,
      "source": 35,
      "url": ""
    },
    "model": "footnotes.footnote",
    "pk": 5241
  },
  {
    "fields": {
      "content_type": ["corpus", "document"],
      "doc_relation": "D",
      "location": "card #11032",
      "location_sort": "card #011032",
      "notes": "",
      "object_id": 8151,
      "source": 836,
      "url": "https://geniza.princeton.edu/indexcards/index.php?a=card&id=11032"
    },
    "model": "footnotes.footnote",
    "pk": 11825
  },
  {
    "fields": {
      "content_type": ["corpus", "document"],
      "doc_relation": "E",
      "location": "",
      "location_sort": "",
      "notes": "",
      "object_id": 2142,
      "source": 737,
      "url": ""
    },
    "model": "footnotes.footnote",
    "pk": 4907
  },
  {
    "fields": {
      "content_type": ["corpus", "document"],
      "doc_relation": "E",
      "location": "",
      "location_sort": "",
      "notes": "compared with G. Weiss, Legal Documents Written by the Court Clerk Ḥalfon Ben Manasse, Ph.D. Dissertation, 1970",
      "object_id": 2142,
      "source": 737,
      "url": ""
    },
    "model": "footnotes.footnote",
    "pk": 4910
  },
  {
    "fields": {
      "content_type": ["corpus", "document"],
      "doc_relation": "E",
      "location": "",
      "location_sort": "",
      "notes": "compared with G. Weiss, Legal Documents Written by the Court Clerk Ḥalfon Ben Manasse, Ph.D. Dissertation, 1970",
      "object_id": 2142,
      "source": 737,
      "url": ""
    },
    "model": "footnotes.footnote",
    "pk": 4909
  },
  {
    "fields": {
      "content_type": ["corpus", "document"],
      "doc_relation": "E",
      "location": "",
      "location_sort": "",
      "notes": "compared with G. Weiss, Legal Documents Written by the Court Clerk Ḥalfon Ben Manasse, Ph.D. Dissertation, 1970",
      "object_id": 2142,
      "source": 737,
      "url": ""
    },
    "model": "footnotes.footnote",
    "pk": 4908
  },
  {
    "fields": {
      "content_type": ["corpus", "document"],
      "doc_relation": "E",
      "location": "5D.1.3 - 18J (1-4)/T-S 18J1.17",
      "location_sort": "000005d.000001.000003 - 000018j (000001-000004)/t-s 000018j000001.000017",
      "notes": "",
      "object_id": 3504,
      "source": 736,
      "url": "https://commons.princeton.edu/media/geniza/5D.1.3%20-%2018J%20%281-4%29/T-S%2018J1.17%20%28PGPID%203504%29.pdf"
    },
    "model": "footnotes.footnote",
    "pk": 3919
  },
  {
    "fields": {
      "content_type": ["corpus", "document"],
      "doc_relation": "D",
      "location": "card #10883",
      "location_sort": "card #010883",
      "notes": "",
      "object_id": 3504,
      "source": 855,
      "url": "https://geniza.princeton.edu/indexcards/index.php?a=card&id=10883"
    },
    "model": "footnotes.footnote",
    "pk": 11711
  },
  {
    "fields": {
      "content_type": ["corpus", "document"],
      "doc_relation": "E",
      "location": "#303",
      "location_sort": "#000303",
      "notes": "",
      "object_id": 3504,
      "source": 11,
      "url": ""
    },
    "model": "footnotes.footnote",
    "pk": 3920
  },
  {
    "fields": {
      "content_type": ["corpus", "document"],
      "doc_relation": "E,T",
      "location": "doc. 68",
      "location_sort": "doc. 000068",
      "notes": "",
      "object_id": 3504,
      "source": 21,
      "url": ""
    },
    "model": "footnotes.footnote",
    "pk": 6455
  },
  {
    "fields": {
      "content_type": ["corpus", "document"],
      "doc_relation": "T,E",
      "location": "",
      "location_sort": "",
      "notes": "",
      "object_id": 3504,
      "source": 490,
      "url": "https://docs.google.com/document/d/1rGQymwoXt4CqFCw7TFkVMjGCFxmznKOD3G3T4N5N18Q/edit?usp=sharing"
    },
    "model": "footnotes.footnote",
    "pk": 3921
  },
  {
    "fields": {
      "content_type": ["corpus", "document"],
      "doc_relation": "E",
      "location": "T-S 12",
      "location_sort": "t-s 000012",
      "notes": "",
      "object_id": 9469,
      "source": 25,
      "url": ""
    },
    "model": "footnotes.footnote",
    "pk": 6362
  },
  {
    "fields": {
      "content_type": ["corpus", "document"],
      "doc_relation": "E,T",
      "location": "pp. 348–50",
      "location_sort": "pp. 000348–000050",
      "notes": "Translation to French",
      "object_id": 9469,
      "source": 768,
      "url": "https://www.academia.edu/38307649/Judith_Olszowy-Schlanger_La_lettre_de_divorce_cara%C3%AFte_et_sa_place_dans_les_relations_entre_Cara%C3%AFtes_et_Rabbanites_au_Moyen_Age_Une_%C3%A9tude_de_manuscrits_de_la_Geniza_du_Caire_Revue_des_Etudes_Juives_155_3-4_July-December_1996_261-285"
    },
    "model": "footnotes.footnote",
    "pk": 6363
  },
  {
    "fields": {
      "content_type": ["corpus", "document"],
      "doc_relation": "E",
      "location": "6E.2.4 AIU_ Manchester_ P. Heid_ PER_ Philadelphia/AIU VII.A.23",
      "location_sort": "000006e.000002.000004 aiu_ manchester_ p. heid_ per_ philadelphia/aiu vii.a.000023",
      "notes": "",
      "object_id": 444,
      "source": 740,
      "url": "https://commons.princeton.edu/media/geniza/6E.2.4%20AIU_%20Manchester_%20P.%20Heid_%20PER_%20Philadelphia/AIU%20VII.A.23%20%28PGPID%20444%29.pdf"
    },
    "model": "footnotes.footnote",
    "pk": 15632
  },
  {
    "fields": {
      "content_type": ["corpus", "document"],
      "doc_relation": "D",
      "location": "card #5629",
      "location_sort": "card #005629",
      "notes": "",
      "object_id": 444,
      "source": 826,
      "url": "https://geniza.princeton.edu/indexcards/index.php?a=card&id=5629"
    },
    "model": "footnotes.footnote",
    "pk": 6886
  },
  {
    "fields": {
      "content_type": ["corpus", "document"],
      "doc_relation": "E",
      "location": "#177",
      "location_sort": "#000177",
      "notes": "",
      "object_id": 444,
      "source": 3,
      "url": ""
    },
    "model": "footnotes.footnote",
    "pk": 3
  },
  {
    "fields": {
      "content_type": ["corpus", "document"],
      "doc_relation": "",
      "location": "",
      "location_sort": "",
      "notes": "",
      "object_id": 444,
      "source": 12,
      "url": ""
    },
    "model": "footnotes.footnote",
    "pk": 15898
  },
  {
    "fields": {
      "content_type": ["corpus", "document"],
      "doc_relation": "T,E",
      "location": "",
      "location_sort": "",
      "notes": "",
      "object_id": 30851,
      "source": 22,
      "url": "https://docs.google.com/document/d/1XELgRq0XHndbaM0xvVhMYuIhdjeKX0ae2C2QvBA2e-o/edit?usp=sharing"
    },
    "model": "footnotes.footnote",
    "pk": 5458
  },
  {
    "fields": {
      "content_type": ["corpus", "document"],
      "doc_relation": "T,E",
      "location": "",
      "location_sort": "",
      "notes": "",
      "object_id": 30825,
      "source": 22,
      "url": "https://docs.google.com/document/d/1D89rq-adTdP1F0k4SoMAyQ8GnM1KY3G9fyg6MY_ELFE/edit"
    },
    "model": "footnotes.footnote",
    "pk": 5082
  },
  {
    "fields": {
      "content_type": ["corpus", "document"],
      "doc_relation": "E,T",
      "location": "#103",
      "location_sort": "#000103",
      "notes": "",
      "object_id": 30825,
      "source": 135,
      "url": ""
    },
    "model": "footnotes.footnote",
    "pk": 5083
  },
  {
    "fields": {
      "content_type": ["corpus", "document"],
      "doc_relation": "D",
      "location": "card #11096",
      "location_sort": "card #011096",
      "notes": "",
      "object_id": 3879,
      "source": 856,
      "url": "https://geniza.princeton.edu/indexcards/index.php?a=card&id=11096"
    },
    "model": "footnotes.footnote",
    "pk": 11886
  },
  {
    "fields": {
      "content_type": ["corpus", "document"],
      "doc_relation": "E",
      "location": "",
      "location_sort": "",
      "notes": "",
      "object_id": 3879,
      "source": 106,
      "url": ""
    },
    "model": "footnotes.footnote",
    "pk": 5065
  },
  {
    "fields": {
      "content_type": ["corpus", "document"],
      "doc_relation": "T,E",
      "location": "",
      "location_sort": "",
      "notes": "",
      "object_id": 30824,
      "source": 22,
      "url": "https://docs.google.com/document/d/15vbUsJRMtfnkQyTKG9w3WBlElZpY3ps9ijk0k56Qo14/edit?usp=sharing"
    },
    "model": "footnotes.footnote",
    "pk": 5060
  },
  {
    "fields": {
      "content_type": ["corpus", "document"],
      "doc_relation": "E,T",
      "location": "",
      "location_sort": "",
      "notes": "",
      "object_id": 30824,
      "source": 22,
      "url": "https://docs.google.com/document/d/15vbUsJRMtfnkQyTKG9w3WBlElZpY3ps9ijk0k56Qo14/edit?usp=sharing"
    },
    "model": "footnotes.footnote",
    "pk": 5059
  },
  {
    "fields": {
      "content_type": ["corpus", "document"],
      "doc_relation": "E",
      "location": "5D.1.3 - 18J (1-4)/T-S 18J1.1",
      "location_sort": "000005d.000001.000003 - 000018j (000001-000004)/t-s 000018j000001.000001",
      "notes": "",
      "object_id": 3497,
      "source": 736,
      "url": "https://commons.princeton.edu/media/geniza/5D.1.3%20-%2018J%20%281-4%29/T-S%2018J1.1%20%28PGPID%203497%29.pdf"
    },
    "model": "footnotes.footnote",
    "pk": 3910
  },
  {
    "fields": {
      "content_type": ["corpus", "document"],
      "doc_relation": "D",
      "location": "card #10866",
      "location_sort": "card #010866",
      "notes": "",
      "object_id": 3497,
      "source": 855,
      "url": "https://geniza.princeton.edu/indexcards/index.php?a=card&id=10866"
    },
    "model": "footnotes.footnote",
    "pk": 11697
  },
  {
    "fields": {
      "content_type": ["corpus", "document"],
      "doc_relation": "E",
      "location": "",
      "location_sort": "",
      "notes": "",
      "object_id": 2969,
      "source": 762,
      "url": ""
    },
    "model": "footnotes.footnote",
    "pk": 2393
  },
  {
    "fields": {
      "content_type": ["corpus", "document"],
      "doc_relation": "D",
      "location": "card #9881",
      "location_sort": "card #009881",
      "notes": "",
      "object_id": 2969,
      "source": 853,
      "url": "https://geniza.princeton.edu/indexcards/index.php?a=card&id=9881"
    },
    "model": "footnotes.footnote",
    "pk": 10800
  },
  {
    "fields": {
      "content_type": ["corpus", "document"],
      "doc_relation": "D",
      "location": "card #9591",
      "location_sort": "card #009591",
      "notes": "",
      "object_id": 2811,
      "source": 853,
      "url": "https://geniza.princeton.edu/indexcards/index.php?a=card&id=9591"
    },
    "model": "footnotes.footnote",
    "pk": 10546
  },
  {
    "fields": {
      "content_type": ["corpus", "document"],
      "doc_relation": "E",
      "location": "",
      "location_sort": "",
      "notes": "With minor emendations by Alan Elbaum (2020)",
      "object_id": 2811,
      "source": 106,
      "url": ""
    },
    "model": "footnotes.footnote",
    "pk": 2148
  },
  {
    "fields": {
      "content_type": ["corpus", "document"],
      "doc_relation": "E",
      "location": "",
      "location_sort": "",
      "notes": "",
      "object_id": 912,
      "source": 106,
      "url": ""
    },
    "model": "footnotes.footnote",
    "pk": 2069
  },
  {
    "fields": {
      "content_type": ["corpus", "document"],
      "doc_relation": "E,T",
      "location": "",
      "location_sort": "",
      "notes": "with suggestions from Khan and Shirazi",
      "object_id": 30820,
      "source": 263,
      "url": "https://docs.google.com/document/d/1WnY_k8Ox6HPurttl2iFi9pDAx9azQ8MZPXInv3pd4vk/edit?usp=sharing"
    },
    "model": "footnotes.footnote",
    "pk": 1628
  },
  {
    "fields": {
      "content_type": ["corpus", "document"],
      "doc_relation": "T,E",
      "location": "",
      "location_sort": "",
      "notes": "",
      "object_id": 30818,
      "source": 22,
      "url": "https://docs.google.com/document/d/1D89rq-adTdP1F0k4SoMAyQ8GnM1KY3G9fyg6MY_ELFE/edit"
    },
    "model": "footnotes.footnote",
    "pk": 988
  },
  {
    "fields": {
      "content_type": ["corpus", "document"],
      "doc_relation": "E",
      "location": "",
      "location_sort": "",
      "notes": "",
      "object_id": 30833,
      "source": 22,
      "url": ""
    },
    "model": "footnotes.footnote",
    "pk": 952
  },
  {
    "fields": {
      "content_type": ["corpus", "document"],
      "doc_relation": "E",
      "location": "6C.2.3 Bodleian (c28-d65)/Bodl. MS Heb. d 65_17",
      "location_sort": "000006c.000002.000003 bodleian (c000028-d000065)/bodl. ms heb. d 000065_000017",
      "notes": "",
      "object_id": 2532,
      "source": 743,
      "url": "https://commons.princeton.edu/media/geniza/6C.2.3%20Bodleian%20%28c28-d65%29/Bodl.%20MS%20Heb.%20d%2065_17%20%28PGPID%202532%29.pdf"
    },
    "model": "footnotes.footnote",
    "pk": 332
  },
  {
    "fields": {
      "content_type": ["corpus", "document"],
      "doc_relation": "D",
      "location": "card #6030",
      "location_sort": "card #006030",
      "notes": "",
      "object_id": 2532,
      "source": 831,
      "url": "https://geniza.princeton.edu/indexcards/index.php?a=card&id=6030"
    },
    "model": "footnotes.footnote",
    "pk": 7285
  },
  {
    "fields": {
      "content_type": ["corpus", "document"],
      "doc_relation": "E",
      "location": "#54, pp. 219-226",
      "location_sort": "#000054, pp. 000219-000226",
      "notes": "",
      "object_id": 2532,
      "source": 65,
      "url": ""
    },
    "model": "footnotes.footnote",
    "pk": 334
  },
  {
    "fields": {
      "content_type": ["corpus", "document"],
      "doc_relation": "E",
      "location": "#113, pp. 312-319",
      "location_sort": "#000113, pp. 000312-000319",
      "notes": "",
      "object_id": 2532,
      "source": 11,
      "url": ""
    },
    "model": "footnotes.footnote",
    "pk": 6612
  },
  {
    "fields": {
      "content_type": ["corpus", "document"],
      "doc_relation": "E",
      "location": "6C.2.2 Bodleian (b3-c27)/Bodl. MS Heb. b 3_13_2",
      "location_sort": "000006c.000002.000002 bodleian (b000003-c000027)/bodl. ms heb. b 000003_000013_000002",
      "notes": "",
      "object_id": 6343,
      "source": 743,
      "url": "https://commons.princeton.edu/media/geniza/6C.2.2%20Bodleian%20%28b3-c27%29/Bodl.%20MS%20Heb.%20b%203_13_2%20%28PGPID%206343%29.pdf"
    },
    "model": "footnotes.footnote",
    "pk": 14667
  },
  {
    "fields": {
      "content_type": ["corpus", "document"],
      "doc_relation": "D",
      "location": "card #5892",
      "location_sort": "card #005892",
      "notes": "",
      "object_id": 6343,
      "source": 831,
      "url": "https://geniza.princeton.edu/indexcards/index.php?a=card&id=5892"
    },
    "model": "footnotes.footnote",
    "pk": 7122
  },
  {
    "fields": {
      "content_type": ["corpus", "document"],
      "doc_relation": "E",
      "location": "p.366",
      "location_sort": "p.000366",
      "notes": "",
      "object_id": 6343,
      "source": 770,
      "url": ""
    },
    "model": "footnotes.footnote",
    "pk": 6392
  },
  {
    "fields": {
      "content_type": ["corpus", "document"],
      "doc_relation": "E",
      "location": "Doc. R-2, pp. 338-339",
      "location_sort": "doc. r-000002, pp. 000338-000339",
      "notes": "",
      "object_id": 4744,
      "source": 7,
      "url": ""
    },
    "model": "footnotes.footnote",
    "pk": 8
  },
  {
    "fields": {
      "app_label": "taggit",
      "model": "taggeditem"
    },
    "model": "contenttypes.contenttype"
  },
  {
    "fields": {
      "app_label": "taggit",
      "model": "tag"
    },
    "model": "contenttypes.contenttype"
  },
  {
    "fields": {
      "app_label": "footnotes",
      "model": "sourcetype"
    },
    "model": "contenttypes.contenttype"
  },
  {
    "fields": {
      "app_label": "footnotes",
      "model": "sourcelanguage"
    },
    "model": "contenttypes.contenttype"
  },
  {
    "fields": {
      "app_label": "footnotes",
      "model": "source"
    },
    "model": "contenttypes.contenttype"
  },
  {
    "fields": {
      "app_label": "footnotes",
      "model": "footnote"
    },
    "model": "contenttypes.contenttype"
  },
  {
    "fields": {
      "app_label": "footnotes",
      "model": "creator"
    },
    "model": "contenttypes.contenttype"
  },
  {
    "fields": {
      "app_label": "footnotes",
      "model": "authorship"
    },
    "model": "contenttypes.contenttype"
  },
  {
    "fields": {
      "app_label": "corpus",
      "model": "textblock"
    },
    "model": "contenttypes.contenttype"
  },
  {
    "fields": {
      "app_label": "corpus",
      "model": "languagescript"
    },
    "model": "contenttypes.contenttype"
  },
  {
    "fields": {
      "app_label": "corpus",
      "model": "fragment"
    },
    "model": "contenttypes.contenttype"
  },
  {
    "fields": {
      "app_label": "corpus",
      "model": "documenttype"
    },
    "model": "contenttypes.contenttype"
  },
  {
    "fields": {
      "app_label": "corpus",
      "model": "collection"
    },
    "model": "contenttypes.contenttype"
  },
  {
    "fields": {
      "app_label": "admin",
      "model": "logentry"
    },
    "model": "contenttypes.contenttype"
  },
  {
    "fields": {
      "codename": "view_taggeditem",
      "content_type": ["taggit", "taggeditem"],
      "name": "Can view tagged item"
    },
    "model": "auth.permission"
  },
  {
    "fields": {
      "codename": "delete_taggeditem",
      "content_type": ["taggit", "taggeditem"],
      "name": "Can delete tagged item"
    },
    "model": "auth.permission"
  },
  {
    "fields": {
      "codename": "change_taggeditem",
      "content_type": ["taggit", "taggeditem"],
      "name": "Can change tagged item"
    },
    "model": "auth.permission"
  },
  {
    "fields": {
      "codename": "add_taggeditem",
      "content_type": ["taggit", "taggeditem"],
      "name": "Can add tagged item"
    },
    "model": "auth.permission"
  },
  {
    "fields": {
      "codename": "view_tag",
      "content_type": ["taggit", "tag"],
      "name": "Can view tag"
    },
    "model": "auth.permission"
  },
  {
    "fields": {
      "codename": "delete_tag",
      "content_type": ["taggit", "tag"],
      "name": "Can delete tag"
    },
    "model": "auth.permission"
  },
  {
    "fields": {
      "codename": "change_tag",
      "content_type": ["taggit", "tag"],
      "name": "Can change tag"
    },
    "model": "auth.permission"
  },
  {
    "fields": {
      "codename": "add_tag",
      "content_type": ["taggit", "tag"],
      "name": "Can add tag"
    },
    "model": "auth.permission"
  },
  {
    "fields": {
      "codename": "view_sourcetype",
      "content_type": ["footnotes", "sourcetype"],
      "name": "Can view source type"
    },
    "model": "auth.permission"
  },
  {
    "fields": {
      "codename": "delete_sourcetype",
      "content_type": ["footnotes", "sourcetype"],
      "name": "Can delete source type"
    },
    "model": "auth.permission"
  },
  {
    "fields": {
      "codename": "change_sourcetype",
      "content_type": ["footnotes", "sourcetype"],
      "name": "Can change source type"
    },
    "model": "auth.permission"
  },
  {
    "fields": {
      "codename": "add_sourcetype",
      "content_type": ["footnotes", "sourcetype"],
      "name": "Can add source type"
    },
    "model": "auth.permission"
  },
  {
    "fields": {
      "codename": "view_sourcelanguage",
      "content_type": ["footnotes", "sourcelanguage"],
      "name": "Can view source language"
    },
    "model": "auth.permission"
  },
  {
    "fields": {
      "codename": "delete_sourcelanguage",
      "content_type": ["footnotes", "sourcelanguage"],
      "name": "Can delete source language"
    },
    "model": "auth.permission"
  },
  {
    "fields": {
      "codename": "change_sourcelanguage",
      "content_type": ["footnotes", "sourcelanguage"],
      "name": "Can change source language"
    },
    "model": "auth.permission"
  },
  {
    "fields": {
      "codename": "add_sourcelanguage",
      "content_type": ["footnotes", "sourcelanguage"],
      "name": "Can add source language"
    },
    "model": "auth.permission"
  },
  {
    "fields": {
      "codename": "view_source",
      "content_type": ["footnotes", "source"],
      "name": "Can view source"
    },
    "model": "auth.permission"
  },
  {
    "fields": {
      "codename": "delete_source",
      "content_type": ["footnotes", "source"],
      "name": "Can delete source"
    },
    "model": "auth.permission"
  },
  {
    "fields": {
      "codename": "change_source",
      "content_type": ["footnotes", "source"],
      "name": "Can change source"
    },
    "model": "auth.permission"
  },
  {
    "fields": {
      "codename": "add_source",
      "content_type": ["footnotes", "source"],
      "name": "Can add source"
    },
    "model": "auth.permission"
  },
  {
    "fields": {
      "codename": "view_footnote",
      "content_type": ["footnotes", "footnote"],
      "name": "Can view footnote"
    },
    "model": "auth.permission"
  },
  {
    "fields": {
      "codename": "delete_footnote",
      "content_type": ["footnotes", "footnote"],
      "name": "Can delete footnote"
    },
    "model": "auth.permission"
  },
  {
    "fields": {
      "codename": "change_footnote",
      "content_type": ["footnotes", "footnote"],
      "name": "Can change footnote"
    },
    "model": "auth.permission"
  },
  {
    "fields": {
      "codename": "add_footnote",
      "content_type": ["footnotes", "footnote"],
      "name": "Can add footnote"
    },
    "model": "auth.permission"
  },
  {
    "fields": {
      "codename": "view_creator",
      "content_type": ["footnotes", "creator"],
      "name": "Can view creator"
    },
    "model": "auth.permission"
  },
  {
    "fields": {
      "codename": "delete_creator",
      "content_type": ["footnotes", "creator"],
      "name": "Can delete creator"
    },
    "model": "auth.permission"
  },
  {
    "fields": {
      "codename": "change_creator",
      "content_type": ["footnotes", "creator"],
      "name": "Can change creator"
    },
    "model": "auth.permission"
  },
  {
    "fields": {
      "codename": "add_creator",
      "content_type": ["footnotes", "creator"],
      "name": "Can add creator"
    },
    "model": "auth.permission"
  },
  {
    "fields": {
      "codename": "view_authorship",
      "content_type": ["footnotes", "authorship"],
      "name": "Can view authorship"
    },
    "model": "auth.permission"
  },
  {
    "fields": {
      "codename": "delete_authorship",
      "content_type": ["footnotes", "authorship"],
      "name": "Can delete authorship"
    },
    "model": "auth.permission"
  },
  {
    "fields": {
      "codename": "change_authorship",
      "content_type": ["footnotes", "authorship"],
      "name": "Can change authorship"
    },
    "model": "auth.permission"
  },
  {
    "fields": {
      "codename": "add_authorship",
      "content_type": ["footnotes", "authorship"],
      "name": "Can add authorship"
    },
    "model": "auth.permission"
  },
  {
    "fields": {
      "codename": "view_textblock",
      "content_type": ["corpus", "textblock"],
      "name": "Can view Related Fragment"
    },
    "model": "auth.permission"
  },
  {
    "fields": {
      "codename": "delete_textblock",
      "content_type": ["corpus", "textblock"],
      "name": "Can delete Related Fragment"
    },
    "model": "auth.permission"
  },
  {
    "fields": {
      "codename": "change_textblock",
      "content_type": ["corpus", "textblock"],
      "name": "Can change Related Fragment"
    },
    "model": "auth.permission"
  },
  {
    "fields": {
      "codename": "add_textblock",
      "content_type": ["corpus", "textblock"],
      "name": "Can add Related Fragment"
    },
    "model": "auth.permission"
  },
  {
    "fields": {
      "codename": "view_languagescript",
      "content_type": ["corpus", "languagescript"],
      "name": "Can view Language + Script"
    },
    "model": "auth.permission"
  },
  {
    "fields": {
      "codename": "delete_languagescript",
      "content_type": ["corpus", "languagescript"],
      "name": "Can delete Language + Script"
    },
    "model": "auth.permission"
  },
  {
    "fields": {
      "codename": "change_languagescript",
      "content_type": ["corpus", "languagescript"],
      "name": "Can change Language + Script"
    },
    "model": "auth.permission"
  },
  {
    "fields": {
      "codename": "add_languagescript",
      "content_type": ["corpus", "languagescript"],
      "name": "Can add Language + Script"
    },
    "model": "auth.permission"
  },
  {
    "fields": {
      "codename": "view_fragment",
      "content_type": ["corpus", "fragment"],
      "name": "Can view fragment"
    },
    "model": "auth.permission"
  },
  {
    "fields": {
      "codename": "delete_fragment",
      "content_type": ["corpus", "fragment"],
      "name": "Can delete fragment"
    },
    "model": "auth.permission"
  },
  {
    "fields": {
      "codename": "change_fragment",
      "content_type": ["corpus", "fragment"],
      "name": "Can change fragment"
    },
    "model": "auth.permission"
  },
  {
    "fields": {
      "codename": "add_fragment",
      "content_type": ["corpus", "fragment"],
      "name": "Can add fragment"
    },
    "model": "auth.permission"
  },
  {
    "fields": {
      "codename": "view_documenttype",
      "content_type": ["corpus", "documenttype"],
      "name": "Can view document type"
    },
    "model": "auth.permission"
  },
  {
    "fields": {
      "codename": "delete_documenttype",
      "content_type": ["corpus", "documenttype"],
      "name": "Can delete document type"
    },
    "model": "auth.permission"
  },
  {
    "fields": {
      "codename": "change_documenttype",
      "content_type": ["corpus", "documenttype"],
      "name": "Can change document type"
    },
    "model": "auth.permission"
  },
  {
    "fields": {
      "codename": "add_documenttype",
      "content_type": ["corpus", "documenttype"],
      "name": "Can add document type"
    },
    "model": "auth.permission"
  },
  {
    "fields": {
      "codename": "view_document",
      "content_type": ["corpus", "document"],
      "name": "Can view document"
    },
    "model": "auth.permission"
  },
  {
    "fields": {
      "codename": "delete_document",
      "content_type": ["corpus", "document"],
      "name": "Can delete document"
    },
    "model": "auth.permission"
  },
  {
    "fields": {
      "codename": "change_document",
      "content_type": ["corpus", "document"],
      "name": "Can change document"
    },
    "model": "auth.permission"
  },
  {
    "fields": {
      "codename": "add_document",
      "content_type": ["corpus", "document"],
      "name": "Can add document"
    },
    "model": "auth.permission"
  },
  {
    "fields": {
      "codename": "view_collection",
      "content_type": ["corpus", "collection"],
      "name": "Can view collection"
    },
    "model": "auth.permission"
  },
  {
    "fields": {
      "codename": "delete_collection",
      "content_type": ["corpus", "collection"],
      "name": "Can delete collection"
    },
    "model": "auth.permission"
  },
  {
    "fields": {
      "codename": "change_collection",
      "content_type": ["corpus", "collection"],
      "name": "Can change collection"
    },
    "model": "auth.permission"
  },
  {
    "fields": {
      "codename": "add_collection",
      "content_type": ["corpus", "collection"],
      "name": "Can add collection"
    },
    "model": "auth.permission"
  },
  {
    "fields": {
      "codename": "view_logentry",
      "content_type": ["admin", "logentry"],
      "name": "Can view log entry"
    },
    "model": "auth.permission"
  },
  {
    "fields": {
      "codename": "delete_logentry",
      "content_type": ["admin", "logentry"],
      "name": "Can delete log entry"
    },
    "model": "auth.permission"
  },
  {
    "fields": {
      "name": "Content Editor",
      "permissions": [
        ["view_logentry", "admin", "logentry"],
        ["view_collection", "corpus", "collection"],
        ["add_document", "corpus", "document"],
        ["change_document", "corpus", "document"],
        ["view_document", "corpus", "document"],
        ["view_documenttype", "corpus", "documenttype"],
        ["add_fragment", "corpus", "fragment"],
        ["change_fragment", "corpus", "fragment"],
        ["view_fragment", "corpus", "fragment"],
        ["view_languagescript", "corpus", "languagescript"],
        ["add_textblock", "corpus", "textblock"],
        ["change_textblock", "corpus", "textblock"],
        ["delete_textblock", "corpus", "textblock"],
        ["view_textblock", "corpus", "textblock"],
        ["add_authorship", "footnotes", "authorship"],
        ["change_authorship", "footnotes", "authorship"],
        ["delete_authorship", "footnotes", "authorship"],
        ["view_authorship", "footnotes", "authorship"],
        ["add_creator", "footnotes", "creator"],
        ["change_creator", "footnotes", "creator"],
        ["view_creator", "footnotes", "creator"],
        ["add_footnote", "footnotes", "footnote"],
        ["change_footnote", "footnotes", "footnote"],
        ["delete_footnote", "footnotes", "footnote"],
        ["view_footnote", "footnotes", "footnote"],
        ["add_source", "footnotes", "source"],
        ["change_source", "footnotes", "source"],
        ["delete_source", "footnotes", "source"],
        ["view_source", "footnotes", "source"],
        ["add_sourcelanguage", "footnotes", "sourcelanguage"],
        ["change_sourcelanguage", "footnotes", "sourcelanguage"],
        ["view_sourcelanguage", "footnotes", "sourcelanguage"],
        ["add_sourcetype", "footnotes", "sourcetype"],
        ["change_sourcetype", "footnotes", "sourcetype"],
        ["view_sourcetype", "footnotes", "sourcetype"],
        ["add_tag", "taggit", "tag"],
        ["change_tag", "taggit", "tag"],
        ["delete_tag", "taggit", "tag"],
        ["view_tag", "taggit", "tag"],
        ["add_taggeditem", "taggit", "taggeditem"],
        ["change_taggeditem", "taggit", "taggeditem"],
        ["delete_taggeditem", "taggit", "taggeditem"],
        ["view_taggeditem", "taggit", "taggeditem"]
      ]
    },
    "model": "auth.group"
  },
  {
    "fields": {
      "name": "Content Admin",
      "permissions": [
        ["delete_logentry", "admin", "logentry"],
        ["view_logentry", "admin", "logentry"],
        ["add_collection", "corpus", "collection"],
        ["change_collection", "corpus", "collection"],
        ["delete_collection", "corpus", "collection"],
        ["view_collection", "corpus", "collection"],
        ["add_document", "corpus", "document"],
        ["change_document", "corpus", "document"],
        ["delete_document", "corpus", "document"],
        ["view_document", "corpus", "document"],
        ["add_documenttype", "corpus", "documenttype"],
        ["change_documenttype", "corpus", "documenttype"],
        ["delete_documenttype", "corpus", "documenttype"],
        ["view_documenttype", "corpus", "documenttype"],
        ["add_fragment", "corpus", "fragment"],
        ["change_fragment", "corpus", "fragment"],
        ["delete_fragment", "corpus", "fragment"],
        ["view_fragment", "corpus", "fragment"],
        ["add_languagescript", "corpus", "languagescript"],
        ["change_languagescript", "corpus", "languagescript"],
        ["delete_languagescript", "corpus", "languagescript"],
        ["view_languagescript", "corpus", "languagescript"],
        ["add_textblock", "corpus", "textblock"],
        ["change_textblock", "corpus", "textblock"],
        ["delete_textblock", "corpus", "textblock"],
        ["view_textblock", "corpus", "textblock"],
        ["add_authorship", "footnotes", "authorship"],
        ["change_authorship", "footnotes", "authorship"],
        ["delete_authorship", "footnotes", "authorship"],
        ["view_authorship", "footnotes", "authorship"],
        ["add_creator", "footnotes", "creator"],
        ["change_creator", "footnotes", "creator"],
        ["delete_creator", "footnotes", "creator"],
        ["view_creator", "footnotes", "creator"],
        ["add_footnote", "footnotes", "footnote"],
        ["change_footnote", "footnotes", "footnote"],
        ["delete_footnote", "footnotes", "footnote"],
        ["view_footnote", "footnotes", "footnote"],
        ["add_source", "footnotes", "source"],
        ["change_source", "footnotes", "source"],
        ["delete_source", "footnotes", "source"],
        ["view_source", "footnotes", "source"],
        ["add_sourcelanguage", "footnotes", "sourcelanguage"],
        ["change_sourcelanguage", "footnotes", "sourcelanguage"],
        ["delete_sourcelanguage", "footnotes", "sourcelanguage"],
        ["view_sourcelanguage", "footnotes", "sourcelanguage"],
        ["add_sourcetype", "footnotes", "sourcetype"],
        ["change_sourcetype", "footnotes", "sourcetype"],
        ["delete_sourcetype", "footnotes", "sourcetype"],
        ["view_sourcetype", "footnotes", "sourcetype"],
        ["add_tag", "taggit", "tag"],
        ["change_tag", "taggit", "tag"],
        ["delete_tag", "taggit", "tag"],
        ["view_tag", "taggit", "tag"]
      ]
    },
    "model": "auth.group"
  },
  {
    "fields": {
      "date_joined": "2021-05-26T20:22:21.453Z",
      "email": "",
      "first_name": "Nurit",
      "groups": [],
      "is_active": false,
      "is_staff": false,
      "is_superuser": false,
      "last_login": null,
      "last_name": "Tsafrir",
      "password": "",
      "user_permissions": [],
      "username": "ntsafrir"
    },
    "model": "auth.user"
  },
  {
    "fields": {
      "date_joined": "2021-06-03T23:56:32Z",
      "email": "brzowsky@princeton.edu",
      "first_name": "Jake",
      "groups": [["Content Editor"]],
      "is_active": true,
      "is_staff": true,
      "is_superuser": false,
      "last_login": "2021-09-15T12:44:02.952Z",
      "last_name": "Brzowsky",
      "password": "",
      "user_permissions": [],
      "username": "brzowsky"
    },
    "model": "auth.user"
  },
  {
    "fields": {
      "date_joined": "2021-05-26T20:22:21.414Z",
      "email": "",
      "first_name": "Catherine",
      "groups": [],
      "is_active": false,
      "is_staff": false,
      "is_superuser": false,
      "last_login": null,
      "last_name": "Beaumont",
      "password": "",
      "user_permissions": [],
      "username": "cbeaumont"
    },
    "model": "auth.user"
  },
  {
    "fields": {
      "date_joined": "2021-05-26T20:22:21Z",
      "email": "micahn@princeton.edu",
      "first_name": "Micah",
      "groups": [["Content Editor"]],
      "is_active": true,
      "is_staff": true,
      "is_superuser": false,
      "last_login": "2021-09-03T15:06:56.825Z",
      "last_name": "Newberger",
      "password": "",
      "user_permissions": [],
      "username": "micahn"
    },
    "model": "auth.user"
  },
  {
    "fields": {
      "date_joined": "2021-05-26T20:22:22Z",
      "email": "alg4@princeton.edu",
      "first_name": "Abigail",
      "groups": [["Content Editor"]],
      "is_active": true,
      "is_staff": true,
      "is_superuser": false,
      "last_login": "2021-12-24T20:56:35.561Z",
      "last_name": "Glickman",
      "password": "",
      "user_permissions": [],
      "username": "alg4"
    },
    "model": "auth.user"
  },
  {
    "fields": {
      "date_joined": "2021-12-20T14:55:00Z",
      "email": "gr6600@princeton.edu",
      "first_name": "Gillian",
      "groups": [["Content Editor"]],
      "is_active": true,
      "is_staff": true,
      "is_superuser": false,
      "last_login": "2022-02-21T22:48:55.702Z",
      "last_name": "Rosenberg",
      "password": "",
      "user_permissions": [],
      "username": "gr6600"
    },
    "model": "auth.user"
  },
  {
    "fields": {
      "edition": null,
      "issue": null,
      "journal": "",
      "languages": [],
      "notes": "Source of transcription not noted in original PGP database (or similar)",
      "other_info": "",
      "page_range": "",
      "place_published": "",
      "publisher": "",
      "source_type": 3,
      "title": "[unknown source]",
      "title_ar": null,
      "title_en": "[unknown source]",
      "title_he": null,
      "url": "",
      "volume": "",
      "year": null
    },
    "model": "footnotes.source",
    "pk": 106
  },
  {
    "fields": {
      "date_joined": "2021-05-26T20:22:22.501Z",
      "email": "mrustow@princeton.edu",
      "first_name": "Marina",
      "groups": [],
      "is_active": true,
      "is_staff": true,
      "is_superuser": true,
      "last_login": "2022-02-22T01:33:57.831Z",
      "last_name": "Rustow",
      "password": "",
      "user_permissions": [],
      "username": "mrustow"
    },
    "model": "auth.user"
  },
  {
    "fields": {
      "date_joined": "2021-05-26T20:22:21Z",
      "email": "aashur@princeton.edu",
      "first_name": "Amir",
      "groups": [["Content Admin"]],
      "is_active": true,
      "is_staff": true,
      "is_superuser": false,
      "last_login": "2022-02-21T19:18:31.297Z",
      "last_name": "Ashur",
      "password": "",
      "user_permissions": [],
      "username": "aashur"
    },
    "model": "auth.user"
  },
  {
    "fields": {
      "date_joined": "2021-05-26T20:22:21.474Z",
      "email": "",
      "first_name": "Sarah",
      "groups": [],
      "is_active": false,
      "is_staff": false,
      "is_superuser": false,
      "last_login": null,
      "last_name": "Nisenson",
      "password": "",
      "user_permissions": [],
      "username": "snisenson"
    },
    "model": "auth.user"
  },
  {
    "fields": {
      "date_joined": "2021-05-26T20:22:21.463Z",
      "email": "",
      "first_name": "Nadia",
      "groups": [],
      "is_active": false,
      "is_staff": false,
      "is_superuser": false,
      "last_login": null,
      "last_name": "Vidro",
      "password": "",
      "user_permissions": [],
      "username": "nvidro"
    },
    "model": "auth.user"
  },
  {
    "fields": {
      "date_joined": "2021-06-03T15:41:21Z",
      "email": "mdudley@princeton.edu",
      "first_name": "Matthew",
      "groups": [["Content Editor"]],
      "is_active": true,
      "is_staff": true,
      "is_superuser": false,
      "last_login": "2022-01-29T19:55:50.181Z",
      "last_name": "Dudley",
      "password": "",
      "user_permissions": [],
      "username": "mdudley"
    },
    "model": "auth.user"
  },
  {
    "fields": {
      "date_joined": "2021-05-25T18:47:03.409Z",
      "email": "",
      "first_name": "Geniza Lab",
      "groups": [],
      "is_active": false,
      "is_staff": false,
      "is_superuser": false,
      "last_login": null,
      "last_name": "team",
      "password": "",
      "user_permissions": [],
      "username": "pgl"
    },
    "model": "auth.user"
  },
  {
    "fields": {
      "date_joined": "2021-05-26T20:22:21Z",
      "email": "ae5677@princeton.edu",
      "first_name": "Alan",
      "groups": [["Content Admin"]],
      "is_active": true,
      "is_staff": true,
      "is_superuser": false,
      "last_login": "2022-02-22T08:43:43.296Z",
      "last_name": "Elbaum",
      "password": "",
      "user_permissions": [],
      "username": "ae5677"
    },
    "model": "auth.user"
  },
  {
    "fields": {
      "date_joined": "2021-05-25T18:47:03.157Z",
      "email": "",
      "first_name": "",
      "groups": [],
      "is_active": false,
      "is_staff": false,
      "is_superuser": false,
      "last_login": null,
      "last_name": "",
      "password": "",
      "user_permissions": [],
      "username": "script"
    },
    "model": "auth.user"
  },
  {
    "fields": {
      "app_label": "corpus",
      "model": "document"
    },
    "model": "contenttypes.contenttype"
  },
  {
    "fields": {
      "action_flag": 1,
      "action_time": "2017-01-01T05:00:00Z",
      "change_message": "Initial data entry (spreadsheet), dated 2017",
      "content_type": ["corpus", "document"],
      "object_id": "5626",
      "object_repr": "Bodl. MS heb. f 34/39 (PGPID 5626)",
      "user": ["mrustow"]
    },
    "model": "admin.logentry",
    "pk": 7742
  },
  {
    "fields": {
      "action_flag": 1,
      "action_time": "2018-03-19T04:00:00Z",
      "change_message": "Initial data entry (spreadsheet), dated 3/19/2018 [PGPID 5627]",
      "content_type": ["corpus", "document"],
      "object_id": "5626",
      "object_repr": "Bodl. MS heb. f 34/40 (PGPID 5627)",
      "user": ["nvidro"]
    },
    "model": "admin.logentry",
    "pk": 7745
  },
  {
    "fields": {
      "action_flag": 1,
      "action_time": "2021-05-26T20:24:17.601Z",
      "change_message": "Imported via script",
      "content_type": ["corpus", "document"],
      "object_id": "5626",
      "object_repr": "Bodl. MS heb. f 34/39 (PGPID 5626)",
      "user": ["script"]
    },
    "model": "admin.logentry",
    "pk": 7743
  },
  {
    "fields": {
      "action_flag": 1,
      "action_time": "2021-05-26T20:24:17.649Z",
      "change_message": "Imported via script [PGPID 5627]",
      "content_type": ["corpus", "document"],
      "object_id": "5626",
      "object_repr": "Bodl. MS heb. f 34/40 (PGPID 5627)",
      "user": ["script"]
    },
    "model": "admin.logentry",
    "pk": 7746
  },
  {
    "fields": {
      "action_flag": 1,
      "action_time": "2021-05-26T20:24:17.696Z",
      "change_message": "Imported via script [PGPID 5628]",
      "content_type": ["corpus", "document"],
      "object_id": "5626",
      "object_repr": "Bodl. MS heb. f 34/41 (PGPID 5628)",
      "user": ["script"]
    },
    "model": "admin.logentry",
    "pk": 7749
  },
  {
    "fields": {
      "action_flag": 1,
      "action_time": "2021-05-26T20:24:17.737Z",
      "change_message": "Imported via script [PGPID 5629]",
      "content_type": ["corpus", "document"],
      "object_id": "5626",
      "object_repr": "Bodl. MS heb. f 34/42 (PGPID 5629)",
      "user": ["script"]
    },
    "model": "admin.logentry",
    "pk": 7752
  },
  {
    "fields": {
      "action_flag": 1,
      "action_time": "2021-05-26T20:24:17.778Z",
      "change_message": "Imported via script [PGPID 5630]",
      "content_type": ["corpus", "document"],
      "object_id": "5626",
      "object_repr": "Bodl. MS heb. f 34/43 (PGPID 5630)",
      "user": ["script"]
    },
    "model": "admin.logentry",
    "pk": 7755
  },
  {
    "fields": {
      "action_flag": 1,
      "action_time": "2021-05-26T20:24:17.822Z",
      "change_message": "Imported via script [PGPID 5631]",
      "content_type": ["corpus", "document"],
      "object_id": "5626",
      "object_repr": "Bodl. MS heb. f 34/44 (PGPID 5631)",
      "user": ["script"]
    },
    "model": "admin.logentry",
    "pk": 7758
  },
  {
    "fields": {
      "action_flag": 2,
      "action_time": "2021-09-21T18:04:30.134Z",
      "change_message": "merged with 5627, 5628, 5629, 5630, 5631: all descriptions match",
      "content_type": ["corpus", "document"],
      "object_id": "5626",
      "object_repr": "Bodl. MS heb. f 34/39 + … (PGPID 5626)",
      "user": ["script"]
    },
    "model": "admin.logentry",
    "pk": 108467
  },
  {
    "fields": {
      "action_flag": 2,
      "action_time": "2021-09-23T14:20:45.879Z",
      "change_message": "[{\"changed\": {\"fields\": [\"Description\"]}}]",
      "content_type": ["corpus", "document"],
      "object_id": "5626",
      "object_repr": "Bodl. MS heb. f 34/39 + … (PGPID 5626)",
      "user": ["mrustow"]
    },
    "model": "admin.logentry",
    "pk": 108709
  },
  {
    "fields": {
      "action_flag": 2,
      "action_time": "2021-12-23T14:51:28.838Z",
      "change_message": "[{\"changed\": {\"fields\": [\"Description\", \"Needs review\"]}}]",
      "content_type": ["corpus", "document"],
      "object_id": "5626",
      "object_repr": "Bodl. MS heb. f 34/39 + … (PGPID 5626)",
      "user": ["alg4"]
    },
    "model": "admin.logentry",
    "pk": 128412
  },
  {
    "fields": {
      "content_type": ["corpus", "document"],
      "object_id": 5626,
      "tag": 1725
    },
    "model": "taggit.taggeditem",
    "pk": 3555
  },
  {
    "fields": {
      "content_type": ["corpus", "document"],
      "object_id": 5626,
      "tag": 680
    },
    "model": "taggit.taggeditem",
    "pk": 3556
  },
  {
    "fields": {
      "content_type": ["corpus", "document"],
      "object_id": 5626,
      "tag": 480
    },
    "model": "taggit.taggeditem",
    "pk": 3554
  },
  {
    "fields": {
      "action_flag": 1,
      "action_time": "2017-01-01T05:00:00Z",
      "change_message": "Initial data entry (spreadsheet), dated 2017",
      "content_type": ["corpus", "document"],
      "object_id": "8151",
      "object_repr": "T-S Ar.7.16 (PGPID 8151)",
      "user": ["pgl"]
    },
    "model": "admin.logentry",
    "pk": 65419
  },
  {
    "fields": {
      "action_flag": 2,
      "action_time": "2019-12-19T05:00:00Z",
      "change_message": "Major revision (spreadsheet), dated 12/19/2019",
      "content_type": ["corpus", "document"],
      "object_id": "8151",
      "object_repr": "T-S Ar.7.16 (PGPID 8151)",
      "user": ["ae5677"]
    },
    "model": "admin.logentry",
    "pk": 65420
  },
  {
    "fields": {
      "action_flag": 1,
      "action_time": "2021-05-26T20:36:32.051Z",
      "change_message": "Imported via script",
      "content_type": ["corpus", "document"],
      "object_id": "8151",
      "object_repr": "T-S Ar.7.16 (PGPID 8151)",
      "user": ["script"]
    },
    "model": "admin.logentry",
    "pk": 65421
  },
  {
    "fields": {
      "action_flag": 2,
      "action_time": "2021-10-25T17:50:38.741Z",
      "change_message": "[{\"changed\": {\"fields\": [\"Description\"]}}, {\"added\": {\"name\": \"Related Fragment\", \"object\": \"ENA 2727.15d\"}}]",
      "content_type": ["corpus", "document"],
      "object_id": "8151",
      "object_repr": "ENA 2727.15d + … (PGPID 8151)",
      "user": ["ae5677"]
    },
    "model": "admin.logentry",
    "pk": 110701
  },
  {
    "fields": {
      "action_flag": 2,
      "action_time": "2021-10-25T17:51:58.140Z",
      "change_message": "[{\"changed\": {\"fields\": [\"Description\"]}}]",
      "content_type": ["corpus", "document"],
      "object_id": "8151",
      "object_repr": "ENA 2727.15d + … (PGPID 8151)",
      "user": ["ae5677"]
    },
    "model": "admin.logentry",
    "pk": 110702
  },
  {
    "fields": {
      "action_flag": 2,
      "action_time": "2021-10-25T17:52:38.433Z",
      "change_message": "[{\"changed\": {\"fields\": [\"Description\"]}}]",
      "content_type": ["corpus", "document"],
      "object_id": "8151",
      "object_repr": "ENA 2727.15d + … (PGPID 8151)",
      "user": ["ae5677"]
    },
    "model": "admin.logentry",
    "pk": 110703
  },
  {
    "fields": {
      "action_flag": 2,
      "action_time": "2021-10-25T19:52:19.799Z",
      "change_message": "[{\"changed\": {\"fields\": [\"Description\"]}}]",
      "content_type": ["corpus", "document"],
      "object_id": "8151",
      "object_repr": "ENA 2727.15d + … (PGPID 8151)",
      "user": ["ae5677"]
    },
    "model": "admin.logentry",
    "pk": 110714
  },
  {
    "fields": {
      "content_type": ["corpus", "document"],
      "object_id": 8151,
      "tag": 2610
    },
    "model": "taggit.taggeditem",
    "pk": 22297
  },
  {
    "fields": {
      "content_type": ["corpus", "document"],
      "object_id": 8151,
      "tag": 1277
    },
    "model": "taggit.taggeditem",
    "pk": 22296
  },
  {
    "fields": {
      "content_type": ["corpus", "document"],
      "object_id": 8151,
      "tag": 666
    },
    "model": "taggit.taggeditem",
    "pk": 22300
  },
  {
    "fields": {
      "content_type": ["corpus", "document"],
      "object_id": 8151,
      "tag": 86
    },
    "model": "taggit.taggeditem",
    "pk": 22299
  },
  {
    "fields": {
      "content_type": ["corpus", "document"],
      "object_id": 8151,
      "tag": 177
    },
    "model": "taggit.taggeditem",
    "pk": 22298
  },
  {
    "fields": {
      "content_type": ["corpus", "document"],
      "object_id": 8151,
      "tag": 463
    },
    "model": "taggit.taggeditem",
    "pk": 22295
  },
  {
    "fields": {
      "content_type": ["corpus", "document"],
      "object_id": 8151,
      "tag": 461
    },
    "model": "taggit.taggeditem",
    "pk": 22294
  },
  {
    "fields": {
      "content_type": ["corpus", "document"],
      "object_id": 8151,
      "tag": 1868
    },
    "model": "taggit.taggeditem",
    "pk": 22293
  },
  {
    "fields": {
      "content_type": ["corpus", "document"],
      "object_id": 8151,
      "tag": 1224
    },
    "model": "taggit.taggeditem",
    "pk": 22292
  },
  {
    "fields": {
      "content_type": ["corpus", "document"],
      "object_id": 8151,
      "tag": 1892
    },
    "model": "taggit.taggeditem",
    "pk": 22291
  },
  {
    "fields": {
      "action_flag": 1,
      "action_time": "1990-06-28T04:00:00Z",
      "change_message": "Initial data entry (spreadsheet), dated 6/28/1990",
      "content_type": ["corpus", "document"],
      "object_id": "2142",
      "object_repr": "T-S 8J5.1 (PGPID 2142)",
      "user": ["ntsafrir"]
    },
    "model": "admin.logentry",
    "pk": 59947
  },
  {
    "fields": {
      "action_flag": 1,
      "action_time": "1990-07-14T04:00:00Z",
      "change_message": "Initial data entry (spreadsheet), dated 7/14/1990 [PGPID 2145]",
      "content_type": ["corpus", "document"],
      "object_id": "2142",
      "object_repr": "T-S 8J5.1 (PGPID 2145)",
      "user": ["ntsafrir"]
    },
    "model": "admin.logentry",
    "pk": 59945
  },
  {
    "fields": {
      "action_flag": 1,
      "action_time": "2021-05-26T20:35:19.761Z",
      "change_message": "Imported via script [PGPID 2145]",
      "content_type": ["corpus", "document"],
      "object_id": "2142",
      "object_repr": "T-S 8J5.1 (PGPID 2145)",
      "user": ["script"]
    },
    "model": "admin.logentry",
    "pk": 59946
  },
  {
    "fields": {
      "action_flag": 1,
      "action_time": "2021-05-26T20:35:19.802Z",
      "change_message": "Imported via script",
      "content_type": ["corpus", "document"],
      "object_id": "2142",
      "object_repr": "T-S 8J5.1 (PGPID 2142)",
      "user": ["script"]
    },
    "model": "admin.logentry",
    "pk": 59948
  },
  {
    "fields": {
      "action_flag": 1,
      "action_time": "2021-05-26T20:35:19.839Z",
      "change_message": "Imported via script [PGPID 2143]",
      "content_type": ["corpus", "document"],
      "object_id": "2142",
      "object_repr": "T-S 8J5.1 (PGPID 2143)",
      "user": ["script"]
    },
    "model": "admin.logentry",
    "pk": 59950
  },
  {
    "fields": {
      "action_flag": 1,
      "action_time": "2021-05-26T20:35:19.874Z",
      "change_message": "Imported via script [PGPID 2144]",
      "content_type": ["corpus", "document"],
      "object_id": "2142",
      "object_repr": "T-S 8J5.1 (PGPID 2144)",
      "user": ["script"]
    },
    "model": "admin.logentry",
    "pk": 59952
  },
  {
    "fields": {
      "action_flag": 2,
      "action_time": "2021-09-21T18:04:52.341Z",
      "change_message": "merged with 2143, 2144, 2145: all descriptions match - consecutive PGPIDs",
      "content_type": ["corpus", "document"],
      "object_id": "2142",
      "object_repr": "T-S 8J5.1 (PGPID 2142)",
      "user": ["script"]
    },
    "model": "admin.logentry",
    "pk": 108505
  },
  {
    "fields": {
      "action_flag": 2,
      "action_time": "2021-12-23T15:35:59.842Z",
      "change_message": "[{\"changed\": {\"fields\": [\"Description\", \"Needs review\"]}}]",
      "content_type": ["corpus", "document"],
      "object_id": "2142",
      "object_repr": "T-S 8J5.1 (PGPID 2142)",
      "user": ["alg4"]
    },
    "model": "admin.logentry",
    "pk": 128464
  },
  {
    "fields": {
      "action_flag": 1,
      "action_time": "2021-09-16T13:31:26.367Z",
      "change_message": "[{\"added\": {}}]",
      "content_type": ["corpus", "document"],
      "object_id": "34373",
      "object_repr": "?? (PGPID 34373)",
      "user": ["aashur"]
    },
    "model": "admin.logentry",
    "pk": 108043
  },
  {
    "fields": {
      "action_flag": 1,
      "action_time": "2021-08-14T18:22:39.236Z",
      "change_message": "[{\"added\": {}}]",
      "content_type": ["corpus", "document"],
      "object_id": "34177",
      "object_repr": "?? (PGPID 34177)",
      "user": ["ae5677"]
    },
    "model": "admin.logentry",
    "pk": 106670
  },
  {
    "fields": {
      "action_flag": 2,
      "action_time": "2021-11-08T21:32:00.921Z",
      "change_message": "[{\"changed\": {\"fields\": [\"Type\", \"Primary Languages\", \"Description\", \"Status\"]}}]",
      "content_type": ["corpus", "document"],
      "object_id": "34177",
      "object_repr": "?? (PGPID 34177)",
      "user": ["ae5677"]
    },
    "model": "admin.logentry",
    "pk": 111503
  },
  {
    "fields": {
      "action_flag": 2,
      "action_time": "2021-11-08T21:32:36.748Z",
      "change_message": "[{\"changed\": {\"fields\": [\"Needs review\"]}}]",
      "content_type": ["corpus", "document"],
      "object_id": "34177",
      "object_repr": "?? (PGPID 34177)",
      "user": ["ae5677"]
    },
    "model": "admin.logentry",
    "pk": 111504
  },
  {
    "fields": {
      "action_flag": 1,
      "action_time": "2017-01-01T05:00:00Z",
      "change_message": "Initial data entry (spreadsheet), dated 2017",
      "content_type": ["corpus", "document"],
      "object_id": "3504",
      "object_repr": "T-S 18J1.17 (PGPID 3504)",
      "user": ["snisenson"]
    },
    "model": "admin.logentry",
    "pk": 54860
  },
  {
    "fields": {
      "action_flag": 1,
      "action_time": "2021-05-26T20:33:59.874Z",
      "change_message": "Imported via script",
      "content_type": ["corpus", "document"],
      "object_id": "3504",
      "object_repr": "T-S 18J1.17 (PGPID 3504)",
      "user": ["script"]
    },
    "model": "admin.logentry",
    "pk": 54861
  },
  {
    "fields": {
      "action_flag": 2,
      "action_time": "2021-07-22T20:02:57.000Z",
      "change_message": "[{\"added\": {\"name\": \"footnote\", \"object\": \"Edition and Translation of T-S 18J1.17 (PGPID 3504)\"}}, {\"changed\": {\"name\": \"footnote\", \"object\": \"Edition of T-S 18J1.17 (PGPID 3504)\", \"fields\": [\"Notes\"]}}]",
      "content_type": ["corpus", "document"],
      "object_id": "3504",
      "object_repr": "T-S 18J1.17 (PGPID 3504)",
      "user": ["brzowsky"]
    },
    "model": "admin.logentry",
    "pk": 105255
  },
  {
    "fields": {
      "content_type": ["corpus", "document"],
      "object_id": 3504,
      "tag": 902
    },
    "model": "taggit.taggeditem",
    "pk": 17786
  },
  {
    "fields": {
      "content_type": ["corpus", "document"],
      "object_id": 3504,
      "tag": 165
    },
    "model": "taggit.taggeditem",
    "pk": 17785
  },
  {
    "fields": {
      "content_type": ["corpus", "document"],
      "object_id": 3504,
      "tag": 347
    },
    "model": "taggit.taggeditem",
    "pk": 17784
  },
  {
    "fields": {
      "content_type": ["corpus", "document"],
      "object_id": 3504,
      "tag": 40
    },
    "model": "taggit.taggeditem",
    "pk": 17783
  },
  {
    "fields": {
      "action_flag": 1,
      "action_time": "2017-01-01T05:00:00Z",
      "change_message": "Initial data entry (spreadsheet), dated 2017",
      "content_type": ["corpus", "document"],
      "object_id": "9469",
      "object_repr": "T-S 12.70 (PGPID 9469)",
      "user": ["snisenson"]
    },
    "model": "admin.logentry",
    "pk": 50842
  },
  {
    "fields": {
      "action_flag": 1,
      "action_time": "2021-05-26T20:32:52.141Z",
      "change_message": "Imported via script",
      "content_type": ["corpus", "document"],
      "object_id": "9469",
      "object_repr": "T-S 12.70 (PGPID 9469)",
      "user": ["script"]
    },
    "model": "admin.logentry",
    "pk": 50843
  },
  {
    "fields": {
      "action_flag": 2,
      "action_time": "2021-06-26T02:30:04.815Z",
      "change_message": "[{\"changed\": {\"fields\": [\"Type\", \"Languages\", \"Description\", \"Tags\"]}}, {\"added\": {\"name\": \"footnote\", \"object\": \"Edition of T-S 12.70 (PGPID 9469)\"}}, {\"added\": {\"name\": \"footnote\", \"object\": \"Edition and Translation of T-S 12.70 (PGPID 9469)\"}}]",
      "content_type": ["corpus", "document"],
      "object_id": "9469",
      "object_repr": "T-S 12.70 (PGPID 9469)",
      "user": ["ae5677"]
    },
    "model": "admin.logentry",
    "pk": 104060
  },
  {
    "fields": {
      "action_flag": 2,
      "action_time": "2021-06-26T02:30:36.615Z",
      "change_message": "[{\"changed\": {\"fields\": [\"Description\"]}}]",
      "content_type": ["corpus", "document"],
      "object_id": "9469",
      "object_repr": "T-S 12.70 (PGPID 9469)",
      "user": ["ae5677"]
    },
    "model": "admin.logentry",
    "pk": 104061
  },
  {
    "fields": {
      "action_flag": 2,
      "action_time": "2022-01-04T17:58:40.733Z",
      "change_message": "[{\"changed\": {\"name\": \"footnote\", \"object\": \"Edition of T-S 12.70 (PGPID 9469)\", \"fields\": [\"Location\"]}}]",
      "content_type": ["corpus", "document"],
      "object_id": "9469",
      "object_repr": "T-S 12.70 (PGPID 9469)",
      "user": ["mrustow"]
    },
    "model": "admin.logentry",
    "pk": 131103
  },
  {
    "fields": {
      "content_type": ["corpus", "document"],
      "object_id": 9469,
      "tag": 623
    },
    "model": "taggit.taggeditem",
    "pk": 35314
  },
  {
    "fields": {
      "content_type": ["corpus", "document"],
      "object_id": 9469,
      "tag": 2786
    },
    "model": "taggit.taggeditem",
    "pk": 35313
  },
  {
    "fields": {
      "action_flag": 1,
      "action_time": "1988-04-15T04:00:00Z",
      "change_message": "Initial data entry (spreadsheet), dated 4/15/1988",
      "content_type": ["corpus", "document"],
      "object_id": "444",
      "object_repr": "AIU VII.A.23 (PGPID 444)",
      "user": ["cbeaumont"]
    },
    "model": "admin.logentry",
    "pk": 748
  },
  {
    "fields": {
      "action_flag": 1,
      "action_time": "2021-05-26T20:22:35.972Z",
      "change_message": "Imported via script",
      "content_type": ["corpus", "document"],
      "object_id": "444",
      "object_repr": "AIU VII.A.23 (PGPID 444)",
      "user": ["script"]
    },
    "model": "admin.logentry",
    "pk": 749
  },
  {
    "fields": {
      "action_flag": 2,
      "action_time": "2021-06-18T16:46:10.993Z",
      "change_message": "[{\"changed\": {\"fields\": [\"Languages\"]}}]",
      "content_type": ["corpus", "document"],
      "object_id": "444",
      "object_repr": "T-S 13J35.3 + … (PGPID 444)",
      "user": ["micahn"]
    },
    "model": "admin.logentry",
    "pk": 103783
  },
  {
    "fields": {
      "content_type": ["corpus", "document"],
      "object_id": 444,
      "tag": 87
    },
    "model": "taggit.taggeditem",
    "pk": 236
  },
  {
    "fields": {
      "content_type": ["corpus", "document"],
      "object_id": 444,
      "tag": 88
    },
    "model": "taggit.taggeditem",
    "pk": 235
  },
  {
    "fields": {
      "action_flag": 1,
      "action_time": "2020-10-21T04:00:00Z",
      "change_message": "Initial data entry (spreadsheet), dated 10/21/2020",
      "content_type": ["corpus", "document"],
      "object_id": "23342",
      "object_repr": "T-S Misc.24.56 (PGPID 23342)",
      "user": ["ae5677"]
    },
    "model": "admin.logentry",
    "pk": 81102
  },
  {
    "fields": {
      "action_flag": 1,
      "action_time": "2021-05-26T20:39:38.693Z",
      "change_message": "Imported via script",
      "content_type": ["corpus", "document"],
      "object_id": "23342",
      "object_repr": "T-S Misc.24.56 (PGPID 23342)",
      "user": ["script"]
    },
    "model": "admin.logentry",
    "pk": 81103
  },
  {
    "fields": {
      "content_type": ["corpus", "document"],
      "object_id": 23342,
      "tag": 1277
    },
    "model": "taggit.taggeditem",
    "pk": 28956
  },
  {
    "fields": {
      "content_type": ["corpus", "document"],
      "object_id": 23342,
      "tag": 86
    },
    "model": "taggit.taggeditem",
    "pk": 28959
  },
  {
    "fields": {
      "content_type": ["corpus", "document"],
      "object_id": 23342,
      "tag": 1396
    },
    "model": "taggit.taggeditem",
    "pk": 28958
  },
  {
    "fields": {
      "content_type": ["corpus", "document"],
      "object_id": 23342,
      "tag": 82
    },
    "model": "taggit.taggeditem",
    "pk": 28957
  },
  {
    "fields": {
      "content_type": ["corpus", "document"],
      "object_id": 23342,
      "tag": 1381
    },
    "model": "taggit.taggeditem",
    "pk": 28955
  },
  {
    "fields": {
      "content_type": ["corpus", "document"],
      "object_id": 23342,
      "tag": 225
    },
    "model": "taggit.taggeditem",
    "pk": 28954
  },
  {
    "fields": {
      "action_flag": 1,
      "action_time": "2019-01-01T05:00:00Z",
      "change_message": "Initial data entry (spreadsheet), dated 2019",
      "content_type": ["corpus", "document"],
      "object_id": "30851",
      "object_repr": "T-S C2.209 (PGPID 30851)",
      "user": ["mrustow"]
    },
    "model": "admin.logentry",
    "pk": 78745
  },
  {
    "fields": {
      "action_flag": 1,
      "action_time": "2021-05-26T20:39:06.135Z",
      "change_message": "Imported via script",
      "content_type": ["corpus", "document"],
      "object_id": "30851",
      "object_repr": "T-S C2.209 (PGPID 30851)",
      "user": ["script"]
    },
    "model": "admin.logentry",
    "pk": 78746
  },
  {
    "fields": {
      "action_flag": 2,
      "action_time": "2021-07-06T18:18:54.069Z",
      "change_message": "[{\"deleted\": {\"name\": \"footnote\", \"object\": \"Edition of ENA 3751.5 + \\u2026 (PGPID 30851)\"}}]",
      "content_type": ["corpus", "document"],
      "object_id": "30851",
      "object_repr": "ENA 3751.5 + … (PGPID 30851)",
      "user": ["alg4"]
    },
    "model": "admin.logentry",
    "pk": 104509
  },
  {
    "fields": {
      "content_type": ["corpus", "document"],
      "object_id": 30851,
      "tag": 1147
    },
    "model": "taggit.taggeditem",
    "pk": 27479
  },
  {
    "fields": {
      "content_type": ["corpus", "document"],
      "object_id": 30851,
      "tag": 13
    },
    "model": "taggit.taggeditem",
    "pk": 27477
  },
  {
    "fields": {
      "content_type": ["corpus", "document"],
      "object_id": 30851,
      "tag": 527
    },
    "model": "taggit.taggeditem",
    "pk": 27480
  },
  {
    "fields": {
      "content_type": ["corpus", "document"],
      "object_id": 30851,
      "tag": 524
    },
    "model": "taggit.taggeditem",
    "pk": 27478
  },
  {
    "fields": {
      "action_flag": 1,
      "action_time": "2018-12-07T05:00:00Z",
      "change_message": "Initial data entry (spreadsheet), dated 12/7/2018",
      "content_type": ["corpus", "document"],
      "object_id": "29181",
      "object_repr": "T-S AS 135.53 (PGPID 29181)",
      "user": ["mrustow"]
    },
    "model": "admin.logentry",
    "pk": 66179
  },
  {
    "fields": {
      "action_flag": 1,
      "action_time": "2021-05-26T20:36:42.361Z",
      "change_message": "Imported via script",
      "content_type": ["corpus", "document"],
      "object_id": "29181",
      "object_repr": "T-S AS 135.53 (PGPID 29181)",
      "user": ["script"]
    },
    "model": "admin.logentry",
    "pk": 66180
  },
  {
    "fields": {
      "content_type": ["corpus", "document"],
      "object_id": 29181,
      "tag": 375
    },
    "model": "taggit.taggeditem",
    "pk": 22608
  },
  {
    "fields": {
      "content_type": ["corpus", "document"],
      "object_id": 29181,
      "tag": 921
    },
    "model": "taggit.taggeditem",
    "pk": 22607
  },
  {
    "fields": {
      "action_flag": 1,
      "action_time": "2016-01-01T05:00:00Z",
      "change_message": "Initial data entry (spreadsheet), dated 2016",
      "content_type": ["corpus", "document"],
      "object_id": "30825",
      "object_repr": "T-S Ar.30.245 (PGPID 30825)",
      "user": ["mrustow"]
    },
    "model": "admin.logentry",
    "pk": 61452
  },
  {
    "fields": {
      "action_flag": 2,
      "action_time": "2021-01-01T05:00:00Z",
      "change_message": "Major revision (spreadsheet), dated 2021",
      "content_type": ["corpus", "document"],
      "object_id": "30825",
      "object_repr": "T-S Ar.30.245 (PGPID 30825)",
      "user": ["ae5677"]
    },
    "model": "admin.logentry",
    "pk": 61453
  },
  {
    "fields": {
      "action_flag": 1,
      "action_time": "2021-05-26T20:35:42.555Z",
      "change_message": "Imported via script",
      "content_type": ["corpus", "document"],
      "object_id": "30825",
      "object_repr": "T-S Ar.30.245 (PGPID 30825)",
      "user": ["script"]
    },
    "model": "admin.logentry",
    "pk": 61454
  },
  {
    "fields": {
      "content_type": ["corpus", "document"],
      "object_id": 30825,
      "tag": 13
    },
    "model": "taggit.taggeditem",
    "pk": 20746
  },
  {
    "fields": {
      "content_type": ["corpus", "document"],
      "object_id": 30825,
      "tag": 527
    },
    "model": "taggit.taggeditem",
    "pk": 20748
  },
  {
    "fields": {
      "content_type": ["corpus", "document"],
      "object_id": 30825,
      "tag": 524
    },
    "model": "taggit.taggeditem",
    "pk": 20747
  },
  {
    "fields": {
      "action_flag": 1,
      "action_time": "2004-01-01T05:00:00Z",
      "change_message": "Initial data entry (spreadsheet), dated 2004",
      "content_type": ["corpus", "document"],
      "object_id": "3879",
      "object_repr": "T-S Ar.30.129 (PGPID 3879)",
      "user": ["pgl"]
    },
    "model": "admin.logentry",
    "pk": 61009
  },
  {
    "fields": {
      "action_flag": 1,
      "action_time": "2021-05-26T20:35:36.411Z",
      "change_message": "Imported via script",
      "content_type": ["corpus", "document"],
      "object_id": "3879",
      "object_repr": "T-S Ar.30.129 (PGPID 3879)",
      "user": ["script"]
    },
    "model": "admin.logentry",
    "pk": 61010
  },
  {
    "fields": {
      "content_type": ["corpus", "document"],
      "object_id": 3879,
      "tag": 87
    },
    "model": "taggit.taggeditem",
    "pk": 20545
  },
  {
    "fields": {
      "content_type": ["corpus", "document"],
      "object_id": 3879,
      "tag": 2254
    },
    "model": "taggit.taggeditem",
    "pk": 20544
  },
  {
    "fields": {
      "content_type": ["corpus", "document"],
      "object_id": 3879,
      "tag": 452
    },
    "model": "taggit.taggeditem",
    "pk": 20543
  },
  {
    "fields": {
      "content_type": ["corpus", "document"],
      "object_id": 3879,
      "tag": 1215
    },
    "model": "taggit.taggeditem",
    "pk": 20542
  },
  {
    "fields": {
      "action_flag": 1,
      "action_time": "2016-01-01T05:00:00Z",
      "change_message": "Initial data entry (spreadsheet), dated 2016",
      "content_type": ["corpus", "document"],
      "object_id": "30824",
      "object_repr": "T-S Ar.22.140 (PGPID 30824)",
      "user": ["mrustow"]
    },
    "model": "admin.logentry",
    "pk": 60858
  },
  {
    "fields": {
      "action_flag": 2,
      "action_time": "2021-01-01T05:00:00Z",
      "change_message": "Major revision (spreadsheet), dated 2021",
      "content_type": ["corpus", "document"],
      "object_id": "30824",
      "object_repr": "T-S Ar.22.140 (PGPID 30824)",
      "user": ["ae5677"]
    },
    "model": "admin.logentry",
    "pk": 60859
  },
  {
    "fields": {
      "action_flag": 1,
      "action_time": "2021-05-26T20:35:34.176Z",
      "change_message": "Imported via script",
      "content_type": ["corpus", "document"],
      "object_id": "30824",
      "object_repr": "T-S Ar.22.140 (PGPID 30824)",
      "user": ["script"]
    },
    "model": "admin.logentry",
    "pk": 60860
  },
  {
    "fields": {
      "content_type": ["corpus", "document"],
      "object_id": 30824,
      "tag": 1114
    },
    "model": "taggit.taggeditem",
    "pk": 20477
  },
  {
    "fields": {
      "content_type": ["corpus", "document"],
      "object_id": 30824,
      "tag": 13
    },
    "model": "taggit.taggeditem",
    "pk": 20475
  },
  {
    "fields": {
      "content_type": ["corpus", "document"],
      "object_id": 30824,
      "tag": 527
    },
    "model": "taggit.taggeditem",
    "pk": 20478
  },
  {
    "fields": {
      "content_type": ["corpus", "document"],
      "object_id": 30824,
      "tag": 524
    },
    "model": "taggit.taggeditem",
    "pk": 20476
  },
  {
    "fields": {
      "action_flag": 1,
      "action_time": "2017-01-01T05:00:00Z",
      "change_message": "Initial data entry (spreadsheet), dated 2017",
      "content_type": ["corpus", "document"],
      "object_id": "3497",
      "object_repr": "T-S 18J1.1 (PGPID 3497)",
      "user": ["snisenson"]
    },
    "model": "admin.logentry",
    "pk": 54835
  },
  {
    "fields": {
      "action_flag": 1,
      "action_time": "2021-05-26T20:33:59.448Z",
      "change_message": "Imported via script",
      "content_type": ["corpus", "document"],
      "object_id": "3497",
      "object_repr": "T-S 18J1.1 (PGPID 3497)",
      "user": ["script"]
    },
    "model": "admin.logentry",
    "pk": 54836
  },
  {
    "fields": {
      "action_flag": 2,
      "action_time": "2022-01-05T02:54:58.209Z",
      "change_message": "[{\"changed\": {\"fields\": [\"Primary Languages\"]}}]",
      "content_type": ["corpus", "document"],
      "object_id": "3497",
      "object_repr": "T-S 18J1.1 (PGPID 3497)",
      "user": ["gr6600"]
    },
    "model": "admin.logentry",
    "pk": 131200
  },
  {
    "fields": {
      "content_type": ["corpus", "document"],
      "object_id": 3497,
      "tag": 87
    },
    "model": "taggit.taggeditem",
    "pk": 17774
  },
  {
    "fields": {
      "content_type": ["corpus", "document"],
      "object_id": 3497,
      "tag": 2254
    },
    "model": "taggit.taggeditem",
    "pk": 17773
  },
  {
    "fields": {
      "content_type": ["corpus", "document"],
      "object_id": 3497,
      "tag": 452
    },
    "model": "taggit.taggeditem",
    "pk": 17772
  },
  {
    "fields": {
      "content_type": ["corpus", "document"],
      "object_id": 3497,
      "tag": 1215
    },
    "model": "taggit.taggeditem",
    "pk": 17771
  },
  {
    "fields": {
      "action_flag": 1,
      "action_time": "2004-01-01T05:00:00Z",
      "change_message": "Initial data entry (spreadsheet), dated 2004",
      "content_type": ["corpus", "document"],
      "object_id": "2969",
      "object_repr": "T-S 10J22.6 (PGPID 2969)",
      "user": ["pgl"]
    },
    "model": "admin.logentry",
    "pk": 47919
  },
  {
    "fields": {
      "action_flag": 1,
      "action_time": "2021-05-26T20:32:06.448Z",
      "change_message": "Imported via script",
      "content_type": ["corpus", "document"],
      "object_id": "2969",
      "object_repr": "T-S 10J22.6 (PGPID 2969)",
      "user": ["script"]
    },
    "model": "admin.logentry",
    "pk": 47920
  },
  {
    "fields": {
      "content_type": ["corpus", "document"],
      "object_id": 2969,
      "tag": 1277
    },
    "model": "taggit.taggeditem",
    "pk": 14154
  },
  {
    "fields": {
      "content_type": ["corpus", "document"],
      "object_id": 2969,
      "tag": 1368
    },
    "model": "taggit.taggeditem",
    "pk": 14151
  },
  {
    "fields": {
      "content_type": ["corpus", "document"],
      "object_id": 2969,
      "tag": 1947
    },
    "model": "taggit.taggeditem",
    "pk": 14156
  },
  {
    "fields": {
      "content_type": ["corpus", "document"],
      "object_id": 2969,
      "tag": 1946
    },
    "model": "taggit.taggeditem",
    "pk": 14155
  },
  {
    "fields": {
      "content_type": ["corpus", "document"],
      "object_id": 2969,
      "tag": 206
    },
    "model": "taggit.taggeditem",
    "pk": 14153
  },
  {
    "fields": {
      "content_type": ["corpus", "document"],
      "object_id": 2969,
      "tag": 1127
    },
    "model": "taggit.taggeditem",
    "pk": 14152
  },
  {
    "fields": {
      "content_type": ["corpus", "document"],
      "object_id": 2969,
      "tag": 324
    },
    "model": "taggit.taggeditem",
    "pk": 14150
  },
  {
    "fields": {
      "content_type": ["corpus", "document"],
      "object_id": 2969,
      "tag": 322
    },
    "model": "taggit.taggeditem",
    "pk": 14149
  },
  {
    "fields": {
      "action_flag": 1,
      "action_time": "2020-09-06T04:00:00Z",
      "change_message": "Initial data entry (spreadsheet), dated 9/6/2020",
      "content_type": ["corpus", "document"],
      "object_id": "2811",
      "object_repr": "T-S 10J12.16 (PGPID 2811)",
      "user": ["ae5677"]
    },
    "model": "admin.logentry",
    "pk": 46915
  },
  {
    "fields": {
      "action_flag": 1,
      "action_time": "2021-05-26T20:31:49.965Z",
      "change_message": "Imported via script",
      "content_type": ["corpus", "document"],
      "object_id": "2811",
      "object_repr": "T-S 10J12.16 (PGPID 2811)",
      "user": ["script"]
    },
    "model": "admin.logentry",
    "pk": 46916
  },
  {
    "fields": {
      "content_type": ["corpus", "document"],
      "object_id": 2811,
      "tag": 1402
    },
    "model": "taggit.taggeditem",
    "pk": 13427
  },
  {
    "fields": {
      "content_type": ["corpus", "document"],
      "object_id": 2811,
      "tag": 1240
    },
    "model": "taggit.taggeditem",
    "pk": 13425
  },
  {
    "fields": {
      "content_type": ["corpus", "document"],
      "object_id": 2811,
      "tag": 1277
    },
    "model": "taggit.taggeditem",
    "pk": 13429
  },
  {
    "fields": {
      "content_type": ["corpus", "document"],
      "object_id": 2811,
      "tag": 572
    },
    "model": "taggit.taggeditem",
    "pk": 13435
  },
  {
    "fields": {
      "content_type": ["corpus", "document"],
      "object_id": 2811,
      "tag": 316
    },
    "model": "taggit.taggeditem",
    "pk": 13434
  },
  {
    "fields": {
      "content_type": ["corpus", "document"],
      "object_id": 2811,
      "tag": 1465
    },
    "model": "taggit.taggeditem",
    "pk": 13433
  },
  {
    "fields": {
      "content_type": ["corpus", "document"],
      "object_id": 2811,
      "tag": 86
    },
    "model": "taggit.taggeditem",
    "pk": 13432
  },
  {
    "fields": {
      "content_type": ["corpus", "document"],
      "object_id": 2811,
      "tag": 82
    },
    "model": "taggit.taggeditem",
    "pk": 13431
  },
  {
    "fields": {
      "content_type": ["corpus", "document"],
      "object_id": 2811,
      "tag": 817
    },
    "model": "taggit.taggeditem",
    "pk": 13430
  },
  {
    "fields": {
      "content_type": ["corpus", "document"],
      "object_id": 2811,
      "tag": 463
    },
    "model": "taggit.taggeditem",
    "pk": 13428
  },
  {
    "fields": {
      "content_type": ["corpus", "document"],
      "object_id": 2811,
      "tag": 813
    },
    "model": "taggit.taggeditem",
    "pk": 13426
  },
  {
    "fields": {
      "content_type": ["corpus", "document"],
      "object_id": 2811,
      "tag": 647
    },
    "model": "taggit.taggeditem",
    "pk": 13424
  },
  {
    "fields": {
      "content_type": ["corpus", "document"],
      "object_id": 2811,
      "tag": 828
    },
    "model": "taggit.taggeditem",
    "pk": 13423
  },
  {
    "fields": {
      "content_type": ["corpus", "document"],
      "object_id": 2811,
      "tag": 613
    },
    "model": "taggit.taggeditem",
    "pk": 13422
  },
  {
    "fields": {
      "content_type": ["corpus", "document"],
      "object_id": 2811,
      "tag": 1892
    },
    "model": "taggit.taggeditem",
    "pk": 13421
  },
  {
    "fields": {
      "action_flag": 1,
      "action_time": "1988-05-02T04:00:00Z",
      "change_message": "Initial data entry (spreadsheet), dated 5/2/1988",
      "content_type": ["corpus", "document"],
      "object_id": "912",
      "object_repr": "Sassoon 1055b (PGPID 912)",
      "user": ["pgl"]
    },
    "model": "admin.logentry",
    "pk": 46564
  },
  {
    "fields": {
      "action_flag": 1,
      "action_time": "2021-05-26T20:31:43.374Z",
      "change_message": "Imported via script",
      "content_type": ["corpus", "document"],
      "object_id": "912",
      "object_repr": "Sassoon 1055b (PGPID 912)",
      "user": ["script"]
    },
    "model": "admin.logentry",
    "pk": 46565
  },
  {
    "fields": {
      "content_type": ["corpus", "document"],
      "object_id": 912,
      "tag": 415
    },
    "model": "taggit.taggeditem",
    "pk": 13179
  },
  {
    "fields": {
      "content_type": ["corpus", "document"],
      "object_id": 912,
      "tag": 167
    },
    "model": "taggit.taggeditem",
    "pk": 13181
  },
  {
    "fields": {
      "content_type": ["corpus", "document"],
      "object_id": 912,
      "tag": 165
    },
    "model": "taggit.taggeditem",
    "pk": 13180
  },
  {
    "fields": {
      "action_flag": 1,
      "action_time": "2020-02-01T05:00:00Z",
      "change_message": "Initial data entry (spreadsheet), dated 2/2020",
      "content_type": ["corpus", "document"],
      "object_id": "30176",
      "object_repr": "Princeton, no shelfmark (Michaelides 26) (PGPID 30176)",
      "user": ["mrustow"]
    },
    "model": "admin.logentry",
    "pk": 46518
  },
  {
    "fields": {
      "action_flag": 1,
      "action_time": "2021-05-26T20:31:42.942Z",
      "change_message": "Imported via script",
      "content_type": ["corpus", "document"],
      "object_id": "30176",
      "object_repr": "Princeton, no shelfmark (Michaelides 26) (PGPID 30176)",
      "user": ["script"]
    },
    "model": "admin.logentry",
    "pk": 46519
  },
  {
    "fields": {
      "content_type": ["corpus", "document"],
      "object_id": 30176,
      "tag": 375
    },
    "model": "taggit.taggeditem",
    "pk": 13166
  },
  {
    "fields": {
      "action_flag": 1,
      "action_time": "2020-01-01T05:00:00Z",
      "change_message": "Initial data entry (spreadsheet), dated 2020",
      "content_type": ["corpus", "document"],
      "object_id": "19633",
      "object_repr": "Princeton, No ShelfMark (PGPID 19633)",
      "user": ["mrustow"]
    },
    "model": "admin.logentry",
    "pk": 46494
  },
  {
    "fields": {
      "action_flag": 1,
      "action_time": "2021-05-26T20:31:42.736Z",
      "change_message": "Imported via script",
      "content_type": ["corpus", "document"],
      "object_id": "19633",
      "object_repr": "Princeton, No ShelfMark (PGPID 19633)",
      "user": ["script"]
    },
    "model": "admin.logentry",
    "pk": 46495
  },
  {
    "fields": {
      "action_flag": 1,
      "action_time": "2020-02-01T05:00:00Z",
      "change_message": "Initial data entry (spreadsheet), dated 2/2020",
      "content_type": ["corpus", "document"],
      "object_id": "30208",
      "object_repr": "Princeton, Islamic Manuscripts, Garrett Additional 20.1 (photo 20 in PUDL) (PGPID 30208)",
      "user": ["mrustow"]
    },
    "model": "admin.logentry",
    "pk": 46425
  },
  {
    "fields": {
      "action_flag": 1,
      "action_time": "2021-05-26T20:31:42.078Z",
      "change_message": "Imported via script",
      "content_type": ["corpus", "document"],
      "object_id": "30208",
      "object_repr": "Princeton, Islamic Manuscripts, Garrett Additional 20.1 (photo 20 in PUDL) (PGPID 30208)",
      "user": ["script"]
    },
    "model": "admin.logentry",
    "pk": 46426
  },
  {
    "fields": {
      "content_type": ["corpus", "document"],
      "object_id": 30208,
      "tag": 375
    },
    "model": "taggit.taggeditem",
    "pk": 13121
  },
  {
    "fields": {
      "content_type": ["corpus", "document"],
      "object_id": 30208,
      "tag": 103
    },
    "model": "taggit.taggeditem",
    "pk": 13122
  },
  {
    "fields": {
      "content_type": ["corpus", "document"],
      "object_id": 30208,
      "tag": 673
    },
    "model": "taggit.taggeditem",
    "pk": 13120
  },
  {
    "fields": {
      "action_flag": 1,
      "action_time": "2021-03-06T05:00:00Z",
      "change_message": "Initial data entry (spreadsheet), dated 3/6/2021",
      "content_type": ["corpus", "document"],
      "object_id": "32644",
      "object_repr": "Moss. III,212.2 (PGPID 32644)",
      "user": ["ae5677"]
    },
    "model": "admin.logentry",
    "pk": 42740
  },
  {
    "fields": {
      "action_flag": 1,
      "action_time": "2021-05-26T20:30:58.874Z",
      "change_message": "Imported via script",
      "content_type": ["corpus", "document"],
      "object_id": "32644",
      "object_repr": "Moss. III,212.2 (PGPID 32644)",
      "user": ["script"]
    },
    "model": "admin.logentry",
    "pk": 42741
  },
  {
    "fields": {
      "content_type": ["corpus", "document"],
      "object_id": 32644,
      "tag": 13
    },
    "model": "taggit.taggeditem",
    "pk": 11743
  },
  {
    "fields": {
      "action_flag": 1,
      "action_time": "2020-01-01T05:00:00Z",
      "change_message": "Initial data entry (spreadsheet), dated 2020",
      "content_type": ["corpus", "document"],
      "object_id": "32012",
      "object_repr": "JRL SERIES C 162 (PGPID 32012)",
      "user": ["mrustow"]
    },
    "model": "admin.logentry",
    "pk": 41060
  },
  {
    "fields": {
      "action_flag": 1,
      "action_time": "2021-05-26T20:30:28.499Z",
      "change_message": "Imported via script",
      "content_type": ["corpus", "document"],
      "object_id": "32012",
      "object_repr": "JRL SERIES C 162 (PGPID 32012)",
      "user": ["script"]
    },
    "model": "admin.logentry",
    "pk": 41061
  },
  {
    "fields": {
      "action_flag": 2,
      "action_time": "2021-12-21T21:33:37.801Z",
      "change_message": "[{\"changed\": {\"fields\": [\"Primary Languages\", \"Description\"]}}]",
      "content_type": ["corpus", "document"],
      "object_id": "32012",
      "object_repr": "JRL SERIES C 162 (PGPID 32012)",
      "user": ["mdudley"]
    },
    "model": "admin.logentry",
    "pk": 128123
  },
  {
    "fields": {
      "content_type": ["corpus", "document"],
      "object_id": 32012,
      "tag": 30
    },
    "model": "taggit.taggeditem",
    "pk": 10941
  },
  {
    "fields": {
      "action_flag": 1,
      "action_time": "2020-01-01T05:00:00Z",
      "change_message": "Initial data entry (spreadsheet), dated 2020",
      "content_type": ["corpus", "document"],
      "object_id": "31950",
      "object_repr": "JRL SERIES C 100 (PGPID 31950)",
      "user": ["mrustow"]
    },
    "model": "admin.logentry",
    "pk": 40856
  },
  {
    "fields": {
      "action_flag": 1,
      "action_time": "2021-05-26T20:30:26.657Z",
      "change_message": "Imported via script",
      "content_type": ["corpus", "document"],
      "object_id": "31950",
      "object_repr": "JRL SERIES C 100 (PGPID 31950)",
      "user": ["script"]
    },
    "model": "admin.logentry",
    "pk": 40857
  },
  {
    "fields": {
      "action_flag": 1,
      "action_time": "2016-01-01T05:00:00Z",
      "change_message": "Initial data entry (spreadsheet), dated 2016",
      "content_type": ["corpus", "document"],
      "object_id": "30820",
      "object_repr": "F1908.44S (PGPID 30820)",
      "user": ["mrustow"]
    },
    "model": "admin.logentry",
    "pk": 34314
  },
  {
    "fields": {
      "action_flag": 2,
      "action_time": "2021-01-01T05:00:00Z",
      "change_message": "Major revision (spreadsheet), dated 2021",
      "content_type": ["corpus", "document"],
      "object_id": "30820",
      "object_repr": "F1908.44S (PGPID 30820)",
      "user": ["ae5677"]
    },
    "model": "admin.logentry",
    "pk": 34315
  },
  {
    "fields": {
      "action_flag": 1,
      "action_time": "2021-05-26T20:29:23.058Z",
      "change_message": "Imported via script",
      "content_type": ["corpus", "document"],
      "object_id": "30820",
      "object_repr": "F1908.44S (PGPID 30820)",
      "user": ["script"]
    },
    "model": "admin.logentry",
    "pk": 34316
  },
  {
    "fields": {
      "content_type": ["corpus", "document"],
      "object_id": 30820,
      "tag": 1103
    },
    "model": "taggit.taggeditem",
    "pk": 9596
  },
  {
    "fields": {
      "content_type": ["corpus", "document"],
      "object_id": 30820,
      "tag": 1114
    },
    "model": "taggit.taggeditem",
    "pk": 9592
  },
  {
    "fields": {
      "content_type": ["corpus", "document"],
      "object_id": 30820,
      "tag": 13
    },
    "model": "taggit.taggeditem",
    "pk": 9591
  },
  {
    "fields": {
      "content_type": ["corpus", "document"],
      "object_id": 30820,
      "tag": 527
    },
    "model": "taggit.taggeditem",
    "pk": 9595
  },
  {
    "fields": {
      "content_type": ["corpus", "document"],
      "object_id": 30820,
      "tag": 1101
    },
    "model": "taggit.taggeditem",
    "pk": 9594
  },
  {
    "fields": {
      "content_type": ["corpus", "document"],
      "object_id": 30820,
      "tag": 524
    },
    "model": "taggit.taggeditem",
    "pk": 9593
  },
  {
    "fields": {
      "action_flag": 1,
      "action_time": "2016-01-01T05:00:00Z",
      "change_message": "Initial data entry (spreadsheet), dated 2016",
      "content_type": ["corpus", "document"],
      "object_id": "30818",
      "object_repr": "ENA 2697.8 (PGPID 30818)",
      "user": ["mrustow"]
    },
    "model": "admin.logentry",
    "pk": 12779
  },
  {
    "fields": {
      "action_flag": 2,
      "action_time": "2021-01-01T05:00:00Z",
      "change_message": "Major revision (spreadsheet), dated 2021",
      "content_type": ["corpus", "document"],
      "object_id": "30818",
      "object_repr": "ENA 2697.8 (PGPID 30818)",
      "user": ["ae5677"]
    },
    "model": "admin.logentry",
    "pk": 12780
  },
  {
    "fields": {
      "action_flag": 1,
      "action_time": "2021-05-26T20:25:28.058Z",
      "change_message": "Imported via script",
      "content_type": ["corpus", "document"],
      "object_id": "30818",
      "object_repr": "ENA 2697.8 (PGPID 30818)",
      "user": ["script"]
    },
    "model": "admin.logentry",
    "pk": 12781
  },
  {
    "fields": {
      "content_type": ["corpus", "document"],
      "object_id": 30818,
      "tag": 375
    },
    "model": "taggit.taggeditem",
    "pk": 5539
  },
  {
    "fields": {
      "content_type": ["corpus", "document"],
      "object_id": 30818,
      "tag": 538
    },
    "model": "taggit.taggeditem",
    "pk": 5543
  },
  {
    "fields": {
      "content_type": ["corpus", "document"],
      "object_id": 30818,
      "tag": 537
    },
    "model": "taggit.taggeditem",
    "pk": 5542
  },
  {
    "fields": {
      "content_type": ["corpus", "document"],
      "object_id": 30818,
      "tag": 527
    },
    "model": "taggit.taggeditem",
    "pk": 5541
  },
  {
    "fields": {
      "content_type": ["corpus", "document"],
      "object_id": 30818,
      "tag": 524
    },
    "model": "taggit.taggeditem",
    "pk": 5540
  },
  {
    "fields": {
      "action_flag": 1,
      "action_time": "2016-01-01T05:00:00Z",
      "change_message": "Initial data entry (spreadsheet), dated 2016",
      "content_type": ["corpus", "document"],
      "object_id": "30833",
      "object_repr": "ENA 2209.12 (PGPID 30833)",
      "user": ["mrustow"]
    },
    "model": "admin.logentry",
    "pk": 11578
  },
  {
    "fields": {
      "action_flag": 2,
      "action_time": "2021-01-01T05:00:00Z",
      "change_message": "Major revision (spreadsheet), dated 2021",
      "content_type": ["corpus", "document"],
      "object_id": "30833",
      "object_repr": "ENA 2209.12 (PGPID 30833)",
      "user": ["ae5677"]
    },
    "model": "admin.logentry",
    "pk": 11579
  },
  {
    "fields": {
      "action_flag": 1,
      "action_time": "2021-05-26T20:25:14.049Z",
      "change_message": "Imported via script",
      "content_type": ["corpus", "document"],
      "object_id": "30833",
      "object_repr": "ENA 2209.12 (PGPID 30833)",
      "user": ["script"]
    },
    "model": "admin.logentry",
    "pk": 11580
  },
  {
    "fields": {
      "content_type": ["corpus", "document"],
      "object_id": 30833,
      "tag": 1147
    },
    "model": "taggit.taggeditem",
    "pk": 5243
  },
  {
    "fields": {
      "content_type": ["corpus", "document"],
      "object_id": 30833,
      "tag": 13
    },
    "model": "taggit.taggeditem",
    "pk": 5241
  },
  {
    "fields": {
      "content_type": ["corpus", "document"],
      "object_id": 30833,
      "tag": 1151
    },
    "model": "taggit.taggeditem",
    "pk": 5245
  },
  {
    "fields": {
      "content_type": ["corpus", "document"],
      "object_id": 30833,
      "tag": 527
    },
    "model": "taggit.taggeditem",
    "pk": 5244
  },
  {
    "fields": {
      "content_type": ["corpus", "document"],
      "object_id": 30833,
      "tag": 524
    },
    "model": "taggit.taggeditem",
    "pk": 5242
  },
  {
    "fields": {
      "content_type": ["corpus", "document"],
      "object_id": 30833,
      "tag": 1152
    },
    "model": "taggit.taggeditem",
    "pk": 5240
  },
  {
    "fields": {
      "action_flag": 1,
      "action_time": "2018-12-07T05:00:00Z",
      "change_message": "Initial data entry (spreadsheet), dated 12/7/2018",
      "content_type": ["corpus", "document"],
      "object_id": "29324",
      "object_repr": "CUL Or.1080 1.64 (PGPID 29324)",
      "user": ["mrustow"]
    },
    "model": "admin.logentry",
    "pk": 8242
  },
  {
    "fields": {
      "action_flag": 1,
      "action_time": "2021-05-26T20:24:25.489Z",
      "change_message": "Imported via script",
      "content_type": ["corpus", "document"],
      "object_id": "29324",
      "object_repr": "CUL Or.1080 1.64 (PGPID 29324)",
      "user": ["script"]
    },
    "model": "admin.logentry",
    "pk": 8243
  },
  {
    "fields": {
      "content_type": ["corpus", "document"],
      "object_id": 29324,
      "tag": 2579
    },
    "model": "taggit.taggeditem",
    "pk": 3791
  },
  {
    "fields": {
      "content_type": ["corpus", "document"],
      "object_id": 29324,
      "tag": 921
    },
    "model": "taggit.taggeditem",
    "pk": 3792
  },
  {
    "fields": {
      "action_flag": 1,
      "action_time": "2017-01-01T05:00:00Z",
      "change_message": "Initial data entry (spreadsheet), dated 2017",
      "content_type": ["corpus", "document"],
      "object_id": "2532",
      "object_repr": "Bodl. MS heb. d 65/17 (PGPID 2532)",
      "user": ["snisenson"]
    },
    "model": "admin.logentry",
    "pk": 6278
  },
  {
    "fields": {
      "action_flag": 1,
      "action_time": "2021-05-26T20:23:54.822Z",
      "change_message": "Imported via script",
      "content_type": ["corpus", "document"],
      "object_id": "2532",
      "object_repr": "Bodl. MS heb. d 65/17 (PGPID 2532)",
      "user": ["script"]
    },
    "model": "admin.logentry",
    "pk": 6279
  },
  {
    "fields": {
      "content_type": ["corpus", "document"],
      "object_id": 2532,
      "tag": 1277
    },
    "model": "taggit.taggeditem",
    "pk": 2883
  },
  {
    "fields": {
      "content_type": ["corpus", "document"],
      "object_id": 2532,
      "tag": 768
    },
    "model": "taggit.taggeditem",
    "pk": 2886
  },
  {
    "fields": {
      "content_type": ["corpus", "document"],
      "object_id": 2532,
      "tag": 86
    },
    "model": "taggit.taggeditem",
    "pk": 2885
  },
  {
    "fields": {
      "content_type": ["corpus", "document"],
      "object_id": 2532,
      "tag": 256
    },
    "model": "taggit.taggeditem",
    "pk": 2884
  },
  {
    "fields": {
      "action_flag": 1,
      "action_time": "2019-01-01T05:00:00Z",
      "change_message": "Initial data entry (spreadsheet), dated 2019",
      "content_type": ["corpus", "document"],
      "object_id": "19612",
      "object_repr": "Bodl. MS heb. f 58/18 (PGPID 19612)",
      "user": ["mrustow"]
    },
    "model": "admin.logentry",
    "pk": 7983
  },
  {
    "fields": {
      "action_flag": 1,
      "action_time": "2021-05-26T20:24:21.429Z",
      "change_message": "Imported via script",
      "content_type": ["corpus", "document"],
      "object_id": "19612",
      "object_repr": "Bodl. MS heb. f 58/18 (PGPID 19612)",
      "user": ["script"]
    },
    "model": "admin.logentry",
    "pk": 7984
  },
  {
    "fields": {
      "action_flag": 2,
      "action_time": "2021-10-05T08:57:36.505Z",
      "change_message": "[{\"changed\": {\"fields\": [\"Status\"]}}]",
      "content_type": ["corpus", "document"],
      "object_id": "19612",
      "object_repr": "Bodl. MS heb. f 58/18 (PGPID 19612)",
      "user": ["aashur"]
    },
    "model": "admin.logentry",
    "pk": 109485
  },
  {
    "fields": {
      "action_flag": 2,
      "action_time": "2021-10-18T05:17:33.641Z",
      "change_message": "[{\"changed\": {\"fields\": [\"Description\"]}}]",
      "content_type": ["corpus", "document"],
      "object_id": "19612",
      "object_repr": "Bodl. MS heb. f 58/18 (PGPID 19612)",
      "user": ["aashur"]
    },
    "model": "admin.logentry",
    "pk": 110383
  },
  {
    "fields": {
      "action_flag": 2,
      "action_time": "2021-11-24T20:49:24.856Z",
      "change_message": "[{\"changed\": {\"fields\": [\"Description\"]}}]",
      "content_type": ["corpus", "document"],
      "object_id": "19612",
      "object_repr": "Bodl. MS heb. f 58/18 (PGPID 19612)",
      "user": ["aashur"]
    },
    "model": "admin.logentry",
    "pk": 112148
  },
  {
    "fields": {
      "content_type": ["corpus", "document"],
      "object_id": 19612,
      "tag": 1
    },
    "model": "taggit.taggeditem",
    "pk": 3675
  },
  {
    "fields": {
      "action_flag": 1,
      "action_time": "2020-06-01T04:00:00Z",
      "change_message": "Initial data entry (spreadsheet), dated 6/1/2020",
      "content_type": ["corpus", "document"],
      "object_id": "30661",
      "object_repr": "AIU VII.F.54 (PGPID 30661)",
      "user": ["ae5677"]
    },
    "model": "admin.logentry",
    "pk": 1982
  },
  {
    "fields": {
      "action_flag": 1,
      "action_time": "2021-05-26T20:22:51.376Z",
      "change_message": "Imported via script",
      "content_type": ["corpus", "document"],
      "object_id": "30661",
      "object_repr": "AIU VII.F.54 (PGPID 30661)",
      "user": ["script"]
    },
    "model": "admin.logentry",
    "pk": 1983
  },
  {
    "fields": {
      "action_flag": 1,
      "action_time": "2017-01-01T05:00:00Z",
      "change_message": "Initial data entry (spreadsheet), dated 2017",
      "content_type": ["corpus", "document"],
      "object_id": "6343",
      "object_repr": "Bodl. MS heb. b 3/13 (PGPID 6343)",
      "user": ["snisenson"]
    },
    "model": "admin.logentry",
    "pk": 5576
  },
  {
    "fields": {
      "action_flag": 2,
      "action_time": "2018-04-13T04:00:00Z",
      "change_message": "Major revision (spreadsheet), dated 4/13/2018",
      "content_type": ["corpus", "document"],
      "object_id": "6343",
      "object_repr": "Bodl. MS heb. b 3/13 (PGPID 6343)",
      "user": ["nvidro"]
    },
    "model": "admin.logentry",
    "pk": 5577
  },
  {
    "fields": {
      "action_flag": 1,
      "action_time": "2021-05-26T20:23:41.394Z",
      "change_message": "Imported via script",
      "content_type": ["corpus", "document"],
      "object_id": "6343",
      "object_repr": "Bodl. MS heb. b 3/13 (PGPID 6343)",
      "user": ["script"]
    },
    "model": "admin.logentry",
    "pk": 5578
  },
  {
    "fields": {
      "action_flag": 2,
      "action_time": "2021-07-08T16:38:53.768Z",
      "change_message": "[{\"changed\": {\"fields\": [\"Languages\", \"Description\", \"Date on document (original)\", \"Calendar\", \"Document date (standardized)\", \"Tags\"]}}, {\"added\": {\"name\": \"footnote\", \"object\": \"Edition of Bodl. MS heb. b 3/13 (PGPID 6343)\"}}]",
      "content_type": ["corpus", "document"],
      "object_id": "6343",
      "object_repr": "Bodl. MS heb. b 3/13 (PGPID 6343)",
      "user": ["mdudley"]
    },
    "model": "admin.logentry",
    "pk": 104532
  },
  {
    "fields": {
      "action_flag": 2,
      "action_time": "2021-12-21T20:28:30.409Z",
      "change_message": "[]",
      "content_type": ["corpus", "document"],
      "object_id": "6343",
      "object_repr": "Bodl. MS heb. b 3/13 (PGPID 6343)",
      "user": ["mdudley"]
    },
    "model": "admin.logentry",
    "pk": 128051
  },
  {
    "fields": {
      "content_type": ["corpus", "document"],
      "object_id": 6343,
      "tag": 228
    },
    "model": "taggit.taggeditem",
    "pk": 35365
  },
  {
    "fields": {
      "content_type": ["corpus", "document"],
      "object_id": 6343,
      "tag": 1272
    },
    "model": "taggit.taggeditem",
    "pk": 35364
  },
  {
    "fields": {
      "content_type": ["corpus", "document"],
      "object_id": 6343,
      "tag": 699
    },
    "model": "taggit.taggeditem",
    "pk": 2520
  },
  {
    "fields": {
      "action_flag": 1,
      "action_time": "2004-01-01T05:00:00Z",
      "change_message": "Initial data entry (spreadsheet), dated 2004",
      "content_type": ["corpus", "document"],
      "object_id": "4744",
      "object_repr": "AIU VII.D.34 (PGPID 4744)",
      "user": ["pgl"]
    },
    "model": "admin.logentry",
    "pk": 959
  },
  {
    "fields": {
      "action_flag": 1,
      "action_time": "2021-05-26T20:22:38.673Z",
      "change_message": "Imported via script",
      "content_type": ["corpus", "document"],
      "object_id": "4744",
      "object_repr": "AIU VII.D.34 (PGPID 4744)",
      "user": ["script"]
    },
    "model": "admin.logentry",
    "pk": 960
  },
  {
    "fields": {
      "content_type": ["corpus", "document"],
      "object_id": 4744,
      "tag": 2579
    },
    "model": "taggit.taggeditem",
    "pk": 354
  },
  {
    "fields": {
      "action_flag": 1,
      "action_time": "2020-08-20T04:00:00Z",
      "change_message": "Initial data entry (spreadsheet), dated 8/20/2020",
      "content_type": ["corpus", "document"],
      "object_id": "31094",
      "object_repr": "AIU VI.C.10 (PGPID 31094)",
      "user": ["ae5677"]
    },
    "model": "admin.logentry",
    "pk": 666
  },
  {
    "fields": {
      "action_flag": 1,
      "action_time": "2021-05-26T20:22:35.002Z",
      "change_message": "Imported via script",
      "content_type": ["corpus", "document"],
      "object_id": "31094",
      "object_repr": "AIU VI.C.10 (PGPID 31094)",
      "user": ["script"]
    },
    "model": "admin.logentry",
    "pk": 667
  },
  {
    "fields": {
      "content_type": ["corpus", "document"],
      "object_id": 31094,
      "tag": 7
    },
    "model": "taggit.taggeditem",
    "pk": 199
  },
  {
    "fields": {
      "content_type": ["corpus", "document"],
      "object_id": 31094,
      "tag": 13
    },
    "model": "taggit.taggeditem",
    "pk": 198
  },
  {
    "fields": {
      "content_type": ["corpus", "document"],
      "object_id": 31094,
      "tag": 74
    },
    "model": "taggit.taggeditem",
    "pk": 197
  },
  {
    "fields": {
      "action_flag": 1,
      "action_time": "2020-08-20T04:00:00Z",
      "change_message": "Initial data entry (spreadsheet), dated 8/20/2020",
      "content_type": ["corpus", "document"],
      "object_id": "31134",
      "object_repr": "AIU VI.B.35 (PGPID 31134)",
      "user": ["ae5677"]
    },
    "model": "admin.logentry",
    "pk": 561
  },
  {
    "fields": {
      "action_flag": 1,
      "action_time": "2021-05-26T20:22:33.814Z",
      "change_message": "Imported via script",
      "content_type": ["corpus", "document"],
      "object_id": "31134",
      "object_repr": "AIU VI.B.35 (PGPID 31134)",
      "user": ["script"]
    },
    "model": "admin.logentry",
    "pk": 562
  },
  {
    "fields": {
      "content_type": ["corpus", "document"],
      "object_id": 31134,
      "tag": 1368
    },
    "model": "taggit.taggeditem",
    "pk": 155
  },
  {
    "fields": {
      "content_type": ["corpus", "document"],
      "object_id": 31134,
      "tag": 48
    },
    "model": "taggit.taggeditem",
    "pk": 154
  }
]
